Variant,Year,0,1,2,3,4,5,6,7,8,9,10,11,12,13,14,15,16,17,18,19,20,21,22,23,24,25,26,27,28,29,30,31,32,33,34,35,36,37,38,39,40,41,42,43,44,45,46,47,48,49,50,51,52,53,54,55,56,57,58,59,60,61,62,63,64,65,66,67,68,69,70,71,72,73,74,75,76,77,78,79,80,81,82,83,84,85,86,87,88,89,90,91,92,93,94,95,96,97,98,99,100+
Estimates,1950,19161,16626,15265,14005,12920,12025,11429,11147,11215,11174,10786,10698,10897,10936,10981,10935,10878,10549,9969,9818,9682,9459,9243,8779,8690,8823,8542,8123,7948,7904,7700,7367,7258,7272,7228,7257,7170,6768,6403,6336,6423,6359,6114,5995,5980,5881,5790,5616,5361,5104,4752,4555,4515,4402,4331,4275,4192,4053,3763,3515,3476,3470,3321,3085,2860,2671,2575,2498,2325,2115,1823,1566,1416,1310,1225,1120,1035,939,804,684,603,538,462,380,313,258,206,162,124,91,65,44,30,20,12,7,4,2,1,1,1
Estimates,1951,20259,18034,16162,14936,13771,12749,11896,11327,11061,11136,11102,10720,10636,10837,10879,10925,10880,10823,10494,9914,9761,9622,9397,9179,8717,8627,8759,8479,8063,7887,7842,7638,7307,7197,7210,7165,7192,7103,6702,6335,6265,6345,6277,6030,5909,5891,5790,5697,5521,5263,5003,4650,4449,4402,4286,4212,4152,4066,3921,3630,3377,3323,3301,3143,2905,2682,2495,2395,2313,2143,1937,1658,1414,1269,1164,1080,979,897,806,682,573,498,437,370,299,242,196,154,120,90,65,45,30,20,13,8,4,2,1,1,1
Estimates,1952,21740,19110,17562,15827,14693,13596,12620,11796,11245,10988,11068,11038,10661,10580,10783,10826,10873,10828,10770,10440,9860,9704,9563,9336,9119,8659,8569,8699,8420,8005,7829,7783,7579,7249,7139,7150,7104,7128,7037,6635,6267,6193,6267,6195,5948,5824,5804,5701,5604,5424,5163,4900,4546,4342,4291,4173,4096,4031,3938,3786,3491,3233,3166,3128,2964,2729,2509,2324,2222,2134,1965,1765,1500,1269,1130,1029,946,851,771,684,571,473,405,350,292,232,185,147,114,87,64,45,31,20,13,8,5,3,1,1,1
Estimates,1953,22684,20542,18630,17221,15580,14506,13455,12512,11711,11174,10925,11008,10981,10609,10530,10734,10778,10824,10778,10718,10386,9806,9648,9506,9279,9062,8603,8513,8642,8364,7950,7774,7727,7523,7194,7083,7093,7044,7065,6970,6567,6198,6119,6188,6113,5866,5741,5717,5610,5509,5324,5059,4793,4441,4236,4181,4062,3980,3908,3806,3645,3346,3083,3004,2955,2789,2557,2342,2159,2053,1960,1792,1598,1349,1133,1001,904,823,733,656,575,473,385,324,276,226,177,139,108,82,61,44,30,20,13,8,5,3,1,1,1
Estimates,1954,22701,21457,20036,18282,16966,15390,14360,13343,12424,11640,11112,10868,10954,10930,10562,10485,10688,10732,10777,10728,10665,10333,9752,9593,9450,9223,9007,8551,8461,8587,8310,7897,7720,7672,7469,7141,7029,7035,6984,7000,6901,6497,6127,6045,6109,6032,5785,5658,5629,5518,5410,5220,4953,4685,4336,4131,4074,3951,3863,3782,3669,3498,3195,2930,2842,2784,2617,2390,2179,1998,1888,1790,1625,1439,1205,1005,881,789,711,625,551,476,385,309,256,215,173,133,102,78,58,42,30,20,13,8,5,3,1,1,1
Estimates,1955,23455,21500,20941,19671,18023,16777,15251,14253,13257,12353,11578,11057,10817,10905,10883,10518,10442,10644,10687,10729,10678,10612,10278,9698,9538,9395,9169,8954,8499,8409,8533,8256,7845,7668,7619,7415,7087,6974,6977,6922,6933,6829,6424,6054,5969,6029,5950,5702,5572,5538,5420,5306,5111,4843,4576,4231,4027,3964,3836,3740,3647,3523,3342,3038,2773,2679,2614,2448,2225,2017,1838,1724,1622,1462,1285,1069,885,769,681,606,525,456,387,308,243,198,163,130,98,74,55,40,28,19,12,8,5,3,1,1,1
Estimates,1956,23024,22251,21004,20573,19404,17829,16631,15141,14164,13183,12289,11522,11006,10770,10859,10839,10476,10401,10601,10641,10680,10626,10557,10223,9645,9484,9341,9116,8901,8449,8357,8480,8203,7793,7616,7566,7361,7033,6917,6916,6857,6862,6754,6349,5979,5892,5948,5866,5617,5482,5441,5317,5196,4998,4730,4466,4124,3920,3850,3715,3608,3503,3367,3178,2875,2614,2515,2445,2279,2060,1856,1678,1562,1459,1305,1139,940,771,663,580,509,434,371,309,241,187,150,122,95,70,51,37,26,18,12,7,4,3,1,1,1
Estimates,1957,23673,21876,21759,20649,20303,19204,17680,16515,15050,14087,13116,12232,11472,10960,10727,10817,10798,10436,10359,10557,10593,10630,10573,10502,10167,9591,9431,9289,9064,8849,8398,8306,8427,8150,7742,7564,7512,7307,6978,6859,6853,6789,6788,6677,6272,5904,5814,5866,5780,5528,5388,5338,5208,5083,4884,4618,4356,4017,3809,3731,3586,3468,3350,3204,3010,2712,2456,2354,2278,2111,1896,1695,1521,1404,1302,1156,1002,820,666,566,487,421,352,295,242,186,141,111,88,67,49,35,24,17,11,7,4,2,1,1,1
Estimates,1958,23684,22530,21412,21406,20388,20099,19047,17559,16417,14968,14017,13057,12179,11425,10918,10687,10778,10758,10396,10318,10511,10545,10578,10519,10447,10113,9539,9379,9237,9012,8798,8348,8256,8374,8098,7691,7513,7458,7251,6920,6797,6786,6717,6712,6598,6194,5827,5735,5781,5690,5434,5288,5231,5096,4968,4769,4505,4243,3905,3693,3604,3449,3319,3190,3037,2841,2550,2300,2194,2111,1944,1733,1537,1368,1253,1153,1016,873,707,567,475,403,341,280,231,185,140,104,80,63,47,33,23,15,10,6,4,2,1,1,1
Estimates,1959,20342,22185,21779,20948,21051,20117,19883,18871,17420,16298,14869,13929,12981,12113,11368,10866,10638,10729,10708,10346,10265,10454,10484,10515,10454,10381,10048,9477,9318,9175,8951,8736,8288,8195,8311,8035,7629,7449,7392,7181,6849,6721,6705,6632,6622,6504,6102,5737,5641,5679,5580,5320,5168,5104,4967,4836,4637,4374,4111,3772,3554,3452,3286,3146,3009,2851,2655,2372,2129,2019,1929,1762,1557,1369,1208,1097,1000,873,742,594,470,387,323,268,216,174,137,101,74,56,43,31,21,14,9,6,4,2,1,1,1
Estimates,1960,17520,18435,20974,21052,20437,20639,19793,19615,18645,17235,16136,14731,13809,12878,12025,11292,10798,10573,10663,10639,10275,10191,10375,10402,10430,10369,10295,9963,9396,9237,9093,8869,8654,8209,8115,8228,7952,7546,7364,7301,7087,6753,6621,6598,6520,6505,6384,5984,5619,5517,5544,5438,5173,5017,4947,4807,4673,4472,4207,3941,3600,3375,3260,3085,2937,2794,2633,2439,2166,1931,1817,1720,1557,1362,1184,1033,928,837,723,608,479,374,302,247,201,159,126,97,70,50,37,27,19,12,8,5,3,2,1,1,1
Estimates,1961,16069,15856,17401,20279,20547,20041,20312,19528,19382,18450,17067,15991,14606,13700,12785,11946,11221,10732,10507,10593,10566,10201,10114,10293,10318,10345,10283,10209,9879,9315,9155,9011,8787,8572,8129,8034,8143,7866,7460,7275,7207,6990,6653,6517,6489,6407,6387,6262,5863,5497,5388,5404,5290,5023,4863,4789,4646,4509,4303,4035,3764,3422,3190,3063,2883,2730,2583,2421,2230,1966,1739,1621,1521,1362,1179,1014,874,777,693,592,490,381,292,231,185,148,114,88,67,47,33,23,17,11,7,4,3,1,1,0,0
Estimates,1962,20190,15076,15362,17034,19961,20299,19838,20140,19384,19252,18339,16971,15907,14531,13635,12728,11894,11172,10683,10456,10538,10507,10141,10051,10228,10251,10277,10215,10140,9812,9250,9090,8946,8723,8509,8067,7971,8076,7799,7392,7203,7130,6910,6572,6433,6402,6317,6292,6163,5763,5395,5279,5286,5167,4900,4738,4661,4515,4372,4161,3888,3612,3268,3030,2896,2713,2557,2409,2246,2056,1801,1579,1460,1358,1206,1033,880,752,660,582,490,400,305,229,178,140,109,82,62,46,31,21,15,10,6,4,2,1,1,0,0
Estimates,1963,28171,19337,14807,15153,16854,19793,20160,19724,20039,19296,19172,18268,16909,15852,14481,13588,12684,11852,11130,10640,10411,10490,10456,10088,9997,10172,10195,10220,10157,10083,9755,9195,9035,8892,8669,8455,8015,7917,8020,7740,7332,7140,7063,6840,6502,6360,6326,6238,6208,6075,5673,5302,5179,5180,5057,4792,4629,4548,4397,4246,4029,3749,3468,3124,2884,2745,2562,2404,2254,2090,1901,1652,1438,1319,1216,1071,910,768,648,562,488,404,324,243,179,137,105,80,59,43,31,20,13,9,6,4,2,1,1,0,0
Estimates,1964,29754,27019,19010,14614,15000,16718,19664,20050,19629,19952,19219,19100,18204,16853,15800,14434,13544,12642,11810,11089,10597,10366,10441,10405,10037,9945,10119,10141,10165,10102,10027,9700,9142,8982,8839,8617,8403,7964,7864,7962,7680,7270,7075,6994,6769,6431,6288,6250,6158,6122,5982,5578,5205,5078,5073,4949,4685,4519,4431,4274,4114,3888,3603,3318,2977,2737,2595,2412,2253,2102,1936,1747,1507,1301,1183,1083,945,796,664,553,473,404,329,259,190,137,103,77,57,41,29,20,13,8,5,3,2,1,0,0,0
Estimates,1965,28286,28579,26586,18777,14473,14885,16614,19560,19957,19547,19875,19149,19035,18146,16801,15753,14390,13501,12601,11770,11047,10554,10321,10394,10356,9989,9896,10068,10090,10113,10049,9973,9647,9092,8932,8789,8566,8352,7912,7810,7903,7618,7207,7009,6925,6699,6361,6215,6173,6076,6032,5886,5480,5107,4977,4967,4841,4577,4407,4311,4144,3974,3741,3452,3166,2830,2593,2448,2265,2105,1950,1783,1597,1367,1171,1056,958,829,690,568,467,392,329,263,203,147,104,76,56,40,28,19,13,8,5,3,2,1,0,0,0
Estimates,1966,27962,27214,28144,26277,18607,14367,14796,16530,19474,19877,19474,19805,19086,18976,18093,16754,15709,14347,13460,12560,11729,11007,10513,10278,10349,10311,9944,9851,10022,10042,10064,10000,9923,9597,9044,8884,8740,8517,8301,7861,7755,7843,7556,7143,6943,6857,6630,6291,6142,6094,5990,5938,5786,5380,5008,4877,4863,4734,4467,4290,4184,4007,3827,3588,3298,3014,2685,2450,2303,2120,1958,1801,1634,1452,1233,1048,938,843,721,593,481,388,320,264,207,157,111,77,55,39,28,19,12,8,5,3,1,1,0,0,0
Estimates,1967,26754,26940,26821,27832,26049,18479,14285,14724,16459,19398,19806,19409,19743,19029,18922,18044,16710,15667,14307,13420,12521,11690,10967,10473,10238,10307,10268,9902,9808,9977,9996,10017,9952,9874,9550,8998,8837,8692,8467,8249,7808,7698,7781,7492,7080,6878,6789,6560,6220,6067,6012,5901,5842,5685,5280,4911,4778,4758,4623,4352,4168,4050,3864,3675,3432,3144,2864,2542,2310,2161,1977,1813,1655,1490,1314,1107,933,827,736,622,504,402,319,258,209,161,120,83,56,39,27,18,12,7,5,3,1,1,0,0,0
Estimates,1968,27883,25809,26570,26538,27600,25877,18378,14219,14664,16398,19332,19743,19351,19687,18978,18873,17999,16668,15626,14266,13379,12481,11650,10928,10435,10199,10267,10227,9862,9767,9934,9952,9972,9906,9828,9503,8953,8790,8644,8417,8196,7754,7641,7719,7429,7016,6813,6721,6490,6147,5988,5926,5809,5743,5583,5181,4815,4678,4651,4509,4232,4038,3908,3714,3520,3276,2991,2716,2401,2172,2019,1834,1670,1513,1352,1183,988,826,724,636,530,422,331,258,205,162,123,89,61,40,27,18,12,7,4,3,1,1,0,0,0
Estimates,1969,29502,26933,25471,26301,26327,27424,25741,18297,14163,14612,16344,19272,19686,19298,19636,18931,18827,17955,16626,15584,14225,13337,12440,11610,10889,10396,10161,10228,10187,9822,9727,9892,9908,9927,9860,9781,9457,8907,8743,8594,8364,8141,7698,7582,7656,7365,6953,6748,6651,6416,6071,5906,5837,5715,5644,5482,5083,4717,4576,4539,4388,4104,3901,3761,3562,3364,3121,2841,2569,2261,2033,1878,1694,1531,1377,1220,1059,877,725,628,544,446,350,269,205,160,124,92,66,44,28,18,12,7,4,2,1,1,0,0,0
Estimates,1970,29502,28538,26602,25227,26103,26167,27287,25632,18228,14114,14565,16295,19218,19634,19249,19588,18885,18782,17911,16583,15541,14181,13293,12397,11569,10849,10357,10122,10188,10146,9781,9685,9849,9865,9882,9815,9735,9410,8860,8694,8542,8310,8084,7640,7522,7592,7301,6888,6681,6579,6340,5991,5820,5745,5620,5546,5381,4983,4617,4469,4420,4259,3969,3758,3611,3408,3209,2967,2691,2424,2121,1895,1738,1557,1396,1246,1096,943,773,631,539,460,371,285,215,161,123,94,68,47,30,19,12,7,4,2,1,1,0,0,0
Estimates,1971,29014,28592,28211,26365,25049,25954,26044,27177,25540,18168,14071,14523,16251,19169,19586,19204,19542,18840,18736,17865,16538,15494,14134,13247,12352,11526,10809,10318,10083,10148,10105,9741,9644,9806,9821,9838,9769,9688,9362,8812,8643,8488,8253,8026,7582,7462,7529,7236,6823,6612,6505,6260,5908,5733,5654,5526,5448,5280,4882,4514,4356,4295,4124,3828,3613,3460,3256,3056,2816,2543,2278,1982,1759,1603,1425,1269,1123,979,834,675,544,458,384,304,229,170,124,93,69,49,33,21,12,7,4,2,1,1,0,0,0
Estimates,1972,27657,28177,28289,27977,26191,24914,25838,25944,27084,25461,18116,14032,14486,16211,19124,19542,19160,19497,18795,18688,17816,16490,15446,14086,13200,12308,11484,10768,10278,10043,10107,10064,9700,9603,9764,9778,9793,9723,9640,9312,8762,8590,8432,8196,7967,7524,7402,7465,7171,6756,6540,6426,6178,5824,5646,5564,5433,5350,5177,4777,4404,4238,4164,3983,3685,3467,3310,3105,2905,2666,2395,2134,1845,1627,1472,1299,1148,1008,870,732,585,465,384,317,246,182,132,95,69,50,35,23,14,8,4,2,1,1,0,0,0
Estimates,1973,26695,26914,27899,28072,27806,26061,24810,25745,25860,27004,25391,18069,13997,14452,16175,19082,19499,19117,19452,18749,18639,17767,16441,15397,14038,13154,12264,11443,10728,10239,10004,10068,10024,9661,9563,9723,9735,9749,9677,9591,9262,8710,8536,8376,8139,7909,7466,7342,7401,7104,6686,6465,6346,6094,5739,5560,5474,5339,5250,5070,4666,4289,4113,4027,3840,3542,3322,3163,2957,2755,2516,2248,1991,1711,1499,1346,1180,1034,899,767,637,502,392,319,258,197,143,102,71,51,36,24,15,9,5,3,1,1,0,0,0
Estimates,1974,25364,26033,26668,27701,27914,27677,25960,24726,25667,25788,26933,25328,18026,13966,14420,16140,19042,19458,19075,19407,18702,18590,17717,16392,15349,13992,13110,12222,11403,10690,10202,9967,10030,9986,9623,9525,9683,9694,9705,9631,9541,9210,8658,8482,8320,8081,7851,7409,7281,7335,7034,6613,6388,6264,6010,5656,5475,5384,5244,5146,4958,4549,4167,3982,3887,3696,3399,3179,3016,2809,2605,2366,2103,1851,1581,1376,1227,1067,926,797,671,550,426,327,262,208,156,111,77,53,37,25,16,10,5,3,1,1,0,0,0
Estimates,1975,23190,24790,25813,26494,27558,27796,27578,25878,24655,25598,25723,26869,25271,17988,13937,14391,16108,19004,19417,19033,19361,18655,18541,17669,16346,15305,13950,13069,12184,11366,10655,10168,9933,9994,9950,9587,9488,9644,9652,9661,9583,9491,9157,8605,8427,8264,8025,7793,7350,7219,7266,6961,6538,6308,6181,5926,5572,5388,5291,5143,5035,4837,4423,4039,3848,3745,3551,3257,3035,2869,2660,2453,2216,1958,1714,1455,1257,1113,959,823,700,581,469,357,270,212,165,121,85,57,38,26,17,11,6,3,2,1,0,0,0
Estimates,1976,21430,22717,24600,25659,26369,27453,27706,27499,25810,24593,25537,25665,26811,25220,17953,13910,14364,16078,18968,19378,18993,19318,18611,18495,17624,16304,15264,13910,13031,12148,11332,10622,10136,9901,9961,9916,9553,9453,9605,9611,9616,9535,9439,9104,8553,8373,8208,7968,7734,7289,7154,7193,6884,6460,6228,6098,5842,5488,5298,5194,5036,4916,4708,4292,3907,3711,3602,3406,3113,2890,2720,2508,2301,2067,1815,1580,1332,1143,1003,855,725,608,497,394,296,219,169,130,93,63,42,27,18,11,7,4,2,1,0,0,0
Estimates,1977,20153,21041,22560,24467,25549,26277,27371,27632,27431,25749,24537,25483,25613,26760,25174,17922,13886,14339,16049,18933,19341,18954,19276,18568,18452,17582,16264,15226,13874,12996,12115,11301,10592,10106,9871,9930,9883,9520,9418,9567,9569,9571,9486,9387,9051,8500,8319,8153,7910,7673,7226,7085,7118,6806,6382,6149,6015,5756,5400,5204,5089,4922,4789,4572,4155,3771,3573,3458,3259,2968,2743,2568,2356,2149,1919,1676,1450,1214,1033,897,756,633,522,420,328,242,176,133,100,70,46,30,19,12,7,4,2,1,0,0,0
Estimates,1978,19355,19822,20908,22449,24370,25466,26204,27302,27568,27370,25694,24487,25433,25566,26713,25132,17892,13863,14315,16021,18898,19303,18914,19234,18527,18410,17542,16227,15190,13839,12963,12083,11270,10563,10077,9841,9899,9851,9486,9382,9527,9526,9524,9436,9335,8998,8447,8264,8095,7850,7608,7160,7013,7040,6727,6303,6068,5930,5668,5308,5103,4977,4799,4655,4430,4015,3635,3434,3313,3111,2820,2593,2415,2203,1998,1775,1541,1324,1100,926,795,661,545,443,351,269,195,139,103,76,52,33,21,12,7,4,2,1,1,0,0
Estimates,1979,19862,19068,19707,20813,22367,24297,25400,26142,27242,27510,27314,25644,24442,25389,25523,26670,25093,17864,13841,14291,15993,18862,19265,18875,19192,18486,18369,17502,16190,15154,13805,12929,12051,11240,10534,10048,9812,9868,9818,9452,9344,9485,9480,9475,9385,9281,8944,8394,8208,8036,7786,7540,7089,6939,6960,6647,6223,5986,5842,5574,5208,4995,4857,4669,4515,4285,3873,3497,3293,3166,2960,2670,2442,2262,2052,1851,1634,1409,1201,989,824,698,572,465,371,289,218,155,108,79,56,37,23,14,8,5,3,1,1,0,0
Estimates,1980,20731,19592,18965,19624,20743,22305,24238,25344,26088,27188,27457,27264,25599,24401,25347,25483,26629,25054,17836,13818,14266,15963,18825,19225,18835,19151,18446,18329,17464,16154,15118,13771,12896,12020,11210,10505,10020,9783,9836,9783,9415,9305,9442,9434,9425,9333,9227,8889,8338,8149,7972,7718,7468,7016,6863,6880,6566,6142,5900,5749,5473,5101,4877,4729,4532,4372,4138,3730,3357,3150,3015,2805,2517,2289,2109,1903,1706,1497,1281,1082,881,725,606,489,391,307,235,174,121,83,59,41,26,16,9,5,3,1,1,0,0
Estimates,1981,21530,20470,19493,18891,19562,20689,22254,24188,25295,26039,27138,27409,27218,25558,24363,25309,25446,26590,25016,17807,13794,14240,15932,18788,19186,18796,19111,18406,18289,17425,16117,15083,13737,12863,11989,11181,10476,9990,9752,9803,9747,9377,9264,9397,9386,9375,9280,9172,8831,8280,8086,7905,7646,7394,6942,6786,6799,6482,6057,5808,5648,5364,4985,4752,4595,4392,4225,3988,3584,3213,3002,2860,2647,2362,2137,1958,1756,1564,1362,1156,967,778,631,520,413,325,251,188,137,93,62,43,29,18,10,6,3,2,1,0,0
Estimates,1982,22865,21276,20372,19421,18835,19514,20645,22211,24143,25249,25994,27093,27365,27176,25520,24327,25273,25409,26550,24977,17778,13769,14213,15901,18750,19147,18757,19071,18367,18249,17387,16081,15048,13703,12830,11958,11151,10446,9960,9720,9768,9709,9337,9221,9350,9337,9323,9226,9114,8771,8218,8020,7833,7572,7317,6866,6708,6715,6395,5966,5710,5538,5245,4861,4621,4456,4249,4076,3836,3435,3066,2851,2702,2488,2208,1986,1809,1613,1426,1231,1034,855,679,543,441,345,266,202,149,105,70,46,30,20,12,6,3,2,1,0,0
Estimates,1983,22412,22610,21179,20300,19366,18791,19475,20607,22171,24101,25207,25953,27052,27325,27137,25484,24294,25238,25372,26510,24937,17747,13743,14185,15869,18712,19108,18718,19031,18328,18209,17348,16044,15013,13669,12798,11927,11120,10416,9929,9687,9731,9669,9296,9177,9303,9287,9271,9171,9054,8708,8152,7949,7759,7495,7239,6789,6628,6627,6303,5868,5603,5420,5119,4731,4486,4315,4103,3924,3680,3281,2915,2697,2542,2328,2055,1838,1664,1472,1290,1103,916,748,586,462,369,284,215,160,115,80,52,32,21,13,7,4,2,1,0,0
Estimates,1984,21639,22171,22510,21106,20245,19323,18755,19441,20572,22135,24063,25169,25915,27014,27288,27101,25450,24261,25202,25335,26468,24895,17715,13717,14157,15837,18675,19069,18680,18991,18289,18170,17310,16008,14978,13635,12765,11895,11089,10384,9896,9651,9692,9627,9253,9132,9255,9236,9216,9112,8990,8639,8082,7875,7682,7418,7160,6710,6544,6534,6202,5761,5486,5293,4986,4596,4348,4171,3954,3768,3519,3122,2760,2540,2382,2169,1904,1692,1520,1334,1158,979,803,647,500,388,305,230,172,125,88,59,37,22,14,8,4,2,1,1,0
Estimates,1985,22794,21411,22074,22434,21051,20202,19287,18724,19410,20540,22102,24028,25134,25880,26980,27253,27066,25417,24227,25166,25296,26425,24851,17682,13690,14129,15806,18637,19031,18642,18951,18250,18130,17272,15972,14943,13601,12731,11862,11056,10350,9861,9614,9652,9584,9209,9086,9206,9183,9159,9049,8921,8567,8009,7799,7605,7339,7079,6627,6454,6432,6092,5645,5362,5160,4848,4458,4206,4023,3801,3607,3352,2960,2603,2382,2222,2012,1755,1548,1379,1198,1029,859,695,553,421,321,248,184,134,95,65,42,26,15,9,5,3,1,1,0
Estimates,1986,24320,22557,21318,22001,22376,21007,20166,19257,18695,19381,20511,22071,23996,25101,25848,26947,27220,27032,25383,24193,25128,25255,26379,24807,17648,13663,14100,15774,18600,18992,18603,18911,18210,18091,17233,15936,14907,13566,12697,11827,11021,10315,9824,9575,9610,9540,9165,9039,9155,9127,9097,8982,8849,8491,7933,7722,7525,7257,6993,6538,6356,6322,5973,5520,5230,5021,4706,4317,4061,3871,3642,3440,3181,2794,2444,2225,2063,1857,1607,1406,1241,1066,904,745,595,466,350,263,199,145,103,71,47,30,17,10,5,3,2,1,1
Estimates,1987,25982,24067,22458,21247,21944,22330,20970,20135,19229,18669,19355,20484,22043,23967,25071,25817,26914,27186,26997,25347,24156,25086,25211,26331,24760,17613,13634,14071,15741,18562,18952,18563,18870,18170,18050,17194,15899,14870,13530,12659,11790,10984,10277,9785,9535,9568,9495,9118,8990,9100,9067,9031,8910,8772,8413,7857,7643,7443,7171,6901,6441,6249,6201,5845,5389,5094,4878,4561,4172,3911,3713,3477,3268,3007,2627,2285,2068,1907,1704,1462,1267,1106,939,786,639,504,389,287,212,158,112,78,52,33,20,11,6,3,2,1,1
Estimates,1988,26106,25709,23960,22383,21192,21898,22291,20938,20106,19203,18645,19331,20459,22017,23938,25041,25785,26880,27149,26957,25306,24113,25040,25162,26279,24709,17574,13602,14038,15705,18520,18910,18521,18827,18128,18008,17153,15859,14831,13490,12619,11750,10944,10237,9744,9493,9523,9449,9070,8938,9042,9003,8961,8835,8693,8334,7778,7562,7357,7079,6802,6335,6133,6072,5710,5252,4953,4732,4412,4022,3756,3549,3308,3093,2831,2460,2128,1914,1751,1552,1319,1130,975,817,675,542,421,320,232,168,122,85,57,37,22,13,7,4,2,1,1
Estimates,1989,25893,25829,25592,23877,22323,21146,21859,22257,20909,20079,19178,18622,19307,20434,21990,23907,25007,25749,26838,27104,26907,25255,24060,24983,25103,26218,24650,17527,13562,13998,15663,18473,18862,18474,18779,18081,17961,17107,15815,14786,13445,12574,11705,10899,10193,9701,9449,9476,9398,9017,8881,8978,8933,8886,8757,8612,8251,7696,7475,7264,6978,6692,6220,6007,5934,5569,5111,4808,4581,4258,3866,3594,3380,3135,2916,2654,2293,1971,1760,1598,1402,1179,998,850,703,573,454,347,260,185,131,93,62,40,25,15,8,4,2,1,1
Estimates,1990,26770,25618,25711,25504,23814,22276,21109,21826,22227,20882,20055,19155,18600,19285,20410,21962,23876,24972,25709,26794,27055,26855,25201,24006,24926,25045,26157,24592,17481,13523,13959,15621,18426,18814,18427,18732,18035,17914,17060,15769,14740,13399,12527,11659,10854,10149,9657,9403,9427,9345,8961,8820,8910,8860,8809,8677,8529,8166,7609,7382,7162,6868,6572,6094,5873,5790,5422,4965,4658,4424,4096,3703,3425,3206,2957,2736,2476,2126,1814,1606,1444,1253,1041,870,731,597,480,374,281,207,144,99,68,44,27,16,9,5,2,1,1
Estimates,1991,24617,26489,25502,25623,25437,23764,22237,21078,21797,22198,20856,20031,19133,18579,19262,20384,21932,23841,24932,25665,26745,27001,26798,25144,23948,24866,24985,26095,24533,17434,13483,13918,15578,18378,18766,18380,18683,17987,17864,17011,15721,14690,13349,12478,11611,10808,10103,9610,9355,9374,9288,8900,8754,8838,8784,8729,8594,8441,8075,7515,7279,7049,6745,6441,5960,5732,5639,5269,4812,4500,4258,3925,3531,3250,3026,2776,2553,2296,1957,1655,1451,1290,1106,907,748,620,498,394,302,223,161,109,73,48,30,18,10,6,3,1,1
Estimates,1992,21179,24360,26368,25413,25554,25382,23722,22203,21048,21769,22172,20832,20008,19111,18555,19234,20352,21894,23796,24881,25609,26683,26935,26728,25074,23880,24796,24915,26024,24465,17379,13436,13871,15528,18325,18712,18327,18629,17933,17809,16956,15666,14636,13295,12425,11560,10758,10054,9561,9303,9317,9226,8835,8684,8763,8705,8647,8507,8349,7977,7413,7167,6926,6614,6302,5820,5586,5484,5111,4653,4336,4084,3748,3355,3072,2845,2595,2371,2117,1789,1498,1299,1140,965,780,634,518,410,319,240,174,122,80,52,33,20,11,6,3,2,1
Estimates,1993,19930,20964,24252,26279,25346,25500,25338,23686,22173,21022,21743,22147,20810,19986,19087,18529,19204,20317,21853,23748,24827,25549,26618,26867,26659,25006,23814,24729,24848,25956,24400,17326,13390,13826,15482,18273,18661,18275,18576,17879,17754,16900,15611,14581,13241,12372,11509,10708,10005,9510,9248,9258,9161,8768,8613,8688,8627,8563,8418,8252,7872,7302,7046,6796,6476,6159,5677,5438,5326,4950,4490,4167,3908,3568,3178,2895,2666,2417,2193,1941,1625,1346,1153,999,834,665,533,429,334,255,188,133,91,58,36,22,13,7,4,2,2
Estimates,1994,19131,19739,20875,24173,26213,25295,25458,25302,23656,22147,20999,21721,22125,20788,19964,19065,18504,19175,20283,21814,23703,24777,25495,26561,26807,26598,24948,23756,24670,24789,25895,24342,17281,13352,13788,15440,18227,18613,18227,18525,17827,17699,16845,15558,14528,13189,12320,11459,10659,9955,9458,9192,9196,9095,8700,8543,8612,8546,8476,8323,8147,7758,7183,6916,6658,6333,6012,5531,5286,5163,4781,4320,3991,3726,3386,3000,2718,2487,2239,2014,1766,1462,1197,1012,865,713,560,442,350,268,200,144,99,65,40,24,14,8,4,2,2
Estimates,1995,18515,18958,19660,20810,24114,26162,25254,25422,25271,23629,22123,20978,21700,22104,20767,19942,19041,18478,19145,20248,21774,23658,24728,25443,26505,26750,26541,24892,23702,24615,24734,25838,24287,17238,13316,13751,15401,18182,18566,18179,18473,17774,17643,16789,15504,14474,13137,12268,11408,10608,9902,9402,9133,9132,9027,8631,8470,8534,8462,8383,8220,8032,7634,7054,6779,6514,6185,5860,5379,5127,4992,4605,4143,3810,3540,3201,2821,2540,2309,2061,1837,1593,1303,1053,878,741,602,466,361,281,211,154,108,72,46,27,16,9,5,2,2
Estimates,1996,17894,18357,18886,19601,20760,24067,26120,25219,25391,25242,23604,22101,20957,21679,22082,20745,19918,19014,18447,19111,20209,21730,23609,24676,25389,26449,26693,26483,24837,23648,24559,24678,25781,24233,17195,13280,13715,15362,18136,18517,18128,18419,17719,17585,16731,15448,14419,13083,12214,11354,10553,9846,9343,9071,9065,8957,8560,8396,8452,8371,8282,8107,7906,7500,6916,6635,6365,6032,5703,5221,4961,4811,4421,3960,3625,3351,3014,2640,2361,2128,1882,1659,1422,1148,915,753,626,501,381,290,221,162,115,78,50,31,18,10,5,3,3
Estimates,1997,17260,17751,18291,18832,19556,20720,24029,26084,25188,25362,25215,23581,22080,20938,21658,22060,20722,19892,18986,18416,19076,20170,21687,23562,24626,25337,26395,26639,26429,24784,23597,24507,24625,25726,24181,17155,13246,13680,15323,18090,18468,18077,18363,17662,17527,16673,15392,14364,13027,12158,11297,10495,9786,9282,9007,8997,8886,8486,8316,8363,8271,8170,7982,7769,7356,6772,6485,6209,5872,5537,5054,4784,4622,4229,3771,3435,3158,2824,2457,2179,1946,1703,1483,1255,1000,786,637,521,410,306,228,170,121,84,55,34,20,11,6,3,3
Estimates,1998,16743,17132,17692,18243,18792,19521,20689,23998,26053,25160,25336,25191,23559,22060,20919,21638,22037,20697,19866,18957,18385,19041,20132,21645,23517,24579,25289,26346,26588,26378,24735,23549,24457,24575,25674,24131,17116,13214,13646,15284,18043,18417,18024,18307,17605,17468,16615,15336,14307,12969,12098,11236,10433,9724,9219,8942,8928,8812,8409,8232,8266,8162,8047,7848,7624,7206,6622,6330,6048,5706,5364,4878,4601,4427,4033,3579,3243,2965,2633,2273,1997,1765,1526,1312,1096,861,667,532,428,331,242,176,128,88,59,37,22,13,7,4,3
Estimates,1999,16376,16627,17077,17648,18207,18762,19494,20663,23970,26025,25134,25311,25168,23538,22041,20899,21615,22012,20671,19837,18926,18352,19005,20094,21604,23472,24532,25242,26297,26539,26328,24686,23502,24408,24526,25622,24081,17077,13181,13611,15244,17994,18364,17969,18249,17546,17407,16555,15277,14246,12907,12034,11172,10368,9659,9154,8875,8856,8734,8326,8139,8159,8042,7915,7704,7471,7049,6466,6168,5879,5530,5181,4694,4409,4225,3831,3383,3048,2768,2440,2087,1814,1585,1353,1148,945,731,558,437,346,261,187,132,93,62,40,24,14,8,4,4
Estimates,2000,16600,16272,16576,17037,17616,18180,18737,19471,20640,23944,25998,25110,25288,25146,23517,22019,20876,21590,21984,20640,19804,18891,18315,18966,20052,21560,23426,24485,25193,26247,26488,26277,24637,23454,24359,24476,25570,24030,17037,13147,13574,15201,17942,18308,17912,18188,17486,17344,16492,15214,14181,12840,11965,11103,10301,9593,9087,8805,8780,8649,8234,8036,8041,7911,7772,7552,7311,6885,6303,5997,5700,5343,4987,4501,4210,4016,3624,3182,2849,2568,2242,1898,1631,1406,1185,991,804,612,459,353,273,201,140,96,65,42,26,15,9,5,4
Estimates,2001,16517,16505,16226,16540,17008,17591,18158,18717,19450,20618,23920,25974,25088,25266,25124,23495,21997,20852,21562,21953,20607,19769,18855,18278,18927,20012,21518,23381,24439,25146,26198,26438,26227,24589,23407,24311,24427,25517,23978,16996,13112,13537,15158,17889,18252,17854,18128,17424,17280,16426,15147,14112,12769,11894,11033,10233,9525,9018,8732,8698,8558,8134,7924,7915,7773,7623,7395,7146,6717,6134,5819,5513,5149,4788,4304,4009,3807,3418,2982,2650,2368,2047,1713,1454,1238,1029,848,677,507,373,281,212,152,102,68,44,28,17,10,5,5
Estimates,2002,16015,16432,16463,16194,16514,16986,17572,18140,18698,19430,20598,23898,25951,25066,25245,25102,23472,21973,20826,21533,21921,20574,19735,18819,18242,18890,19973,21478,23339,24395,25102,26152,26391,26179,24543,23363,24264,24379,25465,23926,16955,13077,13499,15113,17835,18195,17797,18066,17361,17213,16356,15077,14039,12696,11820,10962,10163,9456,8946,8653,8609,8458,8025,7804,7781,7629,7470,7234,6976,6542,5957,5634,5318,4949,4585,4105,3807,3597,3210,2781,2451,2168,1854,1534,1285,1080,885,718,564,415,298,220,161,112,73,47,30,18,10,6,6
Estimates,2003,15911,15942,16394,16433,16170,16494,16968,17554,18122,18680,19412,20579,23877,25929,25045,25222,25078,23447,21946,20797,21501,21886,20538,19698,18783,18206,18853,19935,21438,23297,24352,25057,26106,26344,26132,24498,23318,24216,24329,25411,23871,16911,13040,13459,15068,17780,18137,17737,18002,17294,17140,16281,15001,13962,12619,11745,10888,10090,9382,8867,8567,8511,8347,7906,7674,7639,7478,7309,7065,6797,6356,5769,5437,5114,4742,4375,3900,3600,3382,2998,2576,2248,1968,1663,1358,1123,931,751,599,462,333,234,167,119,80,51,31,19,11,6,7
Estimates,2004,16018,15847,15909,16367,16410,16152,16477,16952,17538,18105,18663,19395,20561,23857,25907,25022,25198,25052,23419,21916,20766,21468,21851,20502,19662,18747,18170,18817,19898,21399,23256,24309,25013,26061,26298,26085,24452,23273,24168,24277,25354,23813,16866,13002,13418,15021,17724,18077,17674,17933,17222,17062,16200,14921,13881,12540,11667,10811,10013,9301,8781,8471,8402,8226,7777,7537,7490,7319,7141,6886,6606,6158,5570,5230,4902,4527,4159,3690,3387,3161,2779,2366,2043,1768,1476,1189,970,791,628,492,371,261,178,124,85,55,34,20,12,7,7
Estimates,2005,16266,15961,15818,15885,16346,16393,16136,16462,16937,17522,18090,18647,19379,20544,23837,25885,24998,25172,25023,23389,21885,20733,21432,21814,20466,19626,18712,18136,18782,19862,21361,23215,24267,24971,26016,26253,26039,24407,23227,24118,24224,25294,23753,16819,12963,13377,14973,17666,18014,17608,17859,17144,16978,16114,14838,13798,12459,11585,10729,9929,9213,8685,8365,8283,8095,7642,7393,7334,7153,6963,6696,6403,5948,5361,5015,4682,4306,3938,3474,3168,2934,2556,2153,1838,1571,1295,1029,827,663,517,396,292,200,132,88,59,37,22,13,7,8
Estimates,2006,16512,16213,15934,15796,15866,16330,16378,16122,16448,16922,17508,18075,18632,19362,20526,23815,25860,24972,25143,24992,23357,21851,20699,21396,21777,20430,19590,18677,18102,18747,19826,21323,23176,24226,24929,25972,26208,25992,24360,23179,24065,24167,25231,23690,16771,12923,13334,14924,17605,17948,17537,17780,17060,16889,16025,14752,13713,12374,11498,10640,9836,9114,8579,8250,8155,7957,7499,7242,7171,6978,6774,6494,6189,5728,5143,4793,4457,4080,3711,3253,2944,2702,2331,1942,1638,1382,1124,880,695,547,417,312,224,148,95,61,40,24,14,8,8
Estimates,2007,16843,16462,16188,15914,15779,15851,16316,16364,16108,16434,16908,17494,18061,18617,19346,20508,23793,25834,24945,25113,24959,23324,21817,20665,21361,21741,20395,19557,18645,18070,18715,19793,21288,23138,24187,24888,25929,26163,25945,24312,23130,24010,24108,25166,23625,16722,12882,13291,14873,17541,17876,17460,17695,16972,16796,15933,14663,13623,12283,11403,10542,9733,9006,8463,8125,8019,7812,7350,7084,6998,6791,6572,6279,5963,5498,4918,4565,4225,3847,3477,3026,2715,2468,2106,1733,1444,1202,963,741,575,443,330,240,167,106,66,41,26,15,8,9
Estimates,2008,17284,16795,16439,16169,15898,15765,15838,16302,16350,16094,16420,16895,17481,18047,18602,19328,20487,23768,25806,24914,25080,24925,23288,21782,20630,21326,21706,20361,19524,18613,18038,18683,19759,21253,23100,24147,24847,25885,26116,25895,24261,23077,23952,24046,25097,23558,16671,12840,13245,14819,17471,17798,17376,17603,16879,16700,15837,14568,13526,12182,11297,10432,9618,8886,8337,7992,7875,7659,7192,6916,6812,6590,6357,6052,5725,5259,4685,4328,3985,3606,3236,2791,2480,2231,1882,1530,1257,1031,813,615,467,351,254,179,120,74,44,27,16,9,10
Estimates,2009,17698,17238,16773,16421,16154,15885,15753,15825,16289,16336,16081,16407,16882,17467,18033,18585,19310,20466,23742,25776,24883,25047,24890,23254,21749,20598,21293,21673,20330,19493,18583,18009,18653,19728,21219,23064,24109,24806,25841,26068,25843,24208,23023,23892,23982,25027,23489,16618,12797,13197,14760,17395,17713,17287,17508,16782,16599,15736,14468,13421,12072,11180,10310,9492,8756,8203,7852,7724,7498,7024,6736,6614,6377,6130,5814,5479,5012,4445,4085,3738,3358,2987,2553,2245,1997,1664,1335,1081,873,675,500,371,272,190,129,83,50,29,17,10,10
Estimates,2010,17795,17656,17220,16758,16409,16144,15875,15742,15814,16276,16324,16069,16395,16870,17455,18019,18570,19293,20446,23718,25749,24855,25017,24860,23225,21721,20571,21266,21646,20303,19467,18557,17984,18627,19700,21189,23031,24073,24767,25797,26020,25791,24155,22968,23831,23918,24957,23419,16565,12751,13146,14697,17315,17625,17196,17410,16684,16495,15629,14359,13305,11950,11051,10177,9357,8619,8063,7705,7565,7327,6846,6544,6404,6153,5893,5569,5226,4759,4198,3834,3483,3103,2735,2313,2012,1769,1455,1151,918,727,551,399,287,204,138,90,57,33,18,10,11
Estimates,2011,17685,17756,17640,17206,16747,16400,16135,15866,15732,15803,16265,16313,16058,16385,16859,17444,18007,18556,19277,20427,23696,25725,24830,24991,24834,23200,21697,20548,21243,21622,20281,19445,18535,17962,18603,19675,21161,22999,24037,24727,25752,25970,25737,24100,22911,23769,23852,24884,23346,16508,12703,13091,14630,17230,17534,17102,17309,16580,16384,15513,14239,13177,11815,10909,10034,9213,8475,7915,7550,7397,7145,6655,6340,6183,5918,5647,5315,4965,4497,3943,3575,3221,2843,2481,2076,1785,1550,1258,979,767,596,441,310,217,148,97,61,37,21,11,12
Estimates,2012,18341,17650,17742,17628,17197,16739,16392,16126,15857,15722,15793,16255,16303,16049,16375,16849,17432,17994,18542,19261,20410,23675,25701,24806,24967,24809,23177,21675,20527,21221,21600,20259,19424,18515,17941,18581,19650,21134,22967,24001,24686,25706,25918,25681,24043,22854,23706,23785,24809,23268,16448,12651,13032,14560,17142,17439,17004,17204,16470,16263,15384,14105,13034,11667,10757,9881,9061,8323,7760,7386,7218,6951,6453,6125,5951,5675,5394,5053,4695,4227,3679,3309,2955,2583,2230,1845,1567,1342,1073,821,630,478,345,235,158,105,66,41,24,13,13
Estimates,2013,18567,18307,17636,17730,17619,17189,16731,16384,16118,15848,15713,15784,16245,16293,16039,16365,16838,17421,17981,18528,19244,20391,23653,25676,24781,24942,24785,23154,21654,20506,21200,21578,20238,19403,18494,17921,18559,19626,21105,22933,23962,24643,25656,25863,25622,23984,22794,23640,23713,24727,23184,16382,12595,12970,14486,17050,17341,16902,17090,16349,16129,15241,13957,12878,11507,10594,9721,8902,8163,7595,7211,7026,6744,6239,5900,5710,5424,5132,4783,4417,3948,3409,3038,2686,2323,1984,1622,1360,1148,902,677,507,375,262,172,112,72,44,26,15,15
Estimates,2014,18320,18534,18293,17625,17722,17611,17182,16724,16376,16109,15839,15704,15775,16236,16283,16029,16354,16826,17408,17967,18511,19226,20370,23629,25650,24755,24916,24759,23130,21631,20485,21177,21555,20216,19382,18473,17899,18536,19599,21074,22896,23920,24596,25603,25806,25561,23923,22732,23570,23637,24639,23092,16310,12535,12905,14409,16955,17237,16792,16967,16215,15980,15082,13794,12709,11336,10422,9551,8734,7993,7419,7023,6821,6525,6014,5666,5462,5164,4862,4504,4129,3661,3132,2764,2419,2069,1746,1409,1164,967,745,547,399,286,193,123,78,48,28,16,17
Estimates,2015,17931,18290,18521,18283,17617,17714,17604,17174,16716,16368,16101,15831,15696,15766,16226,16273,16018,16342,16813,17393,17950,18493,19206,20348,23604,25623,24729,24891,24734,23106,21608,20463,21155,21532,20194,19360,18451,17877,18511,19572,21042,22857,23876,24546,25548,25746,25497,23859,22666,23495,23554,24543,22993,16234,12473,12837,14329,16855,17126,16671,16830,16066,15813,14907,13617,12529,11156,10242,9373,8555,7811,7229,6823,6604,6295,5781,5424,5204,4896,4581,4214,3832,3367,2853,2492,2157,1824,1519,1209,983,801,604,432,306,212,138,86,52,31,18,19
Estimates,2016,17730,17903,18278,18512,18275,17610,17708,17597,17167,16709,16360,16094,15823,15688,15757,16217,16263,16007,16330,16800,17378,17934,18475,19186,20327,23579,25597,24705,24866,24709,23083,21586,20442,21133,21510,20173,19339,18430,17855,18486,19543,21007,22816,23829,24495,25491,25685,25432,23792,22595,23414,23463,24439,22887,16154,12408,12766,14245,16747,17005,16538,16676,15900,15631,14717,13429,12338,10967,10051,9182,8363,7615,7027,6610,6376,6055,5538,5173,4938,4617,4291,3916,3528,3070,2575,2224,1903,1589,1305,1022,816,651,479,332,227,153,97,58,34,20,22
Estimates,2017,18226,17704,17892,18269,18504,18269,17604,17701,17590,17160,16702,16353,16086,15816,15680,15748,16207,16252,15995,16316,16785,17362,17916,18456,19165,20305,23555,25571,24679,24840,24684,23059,21564,20420,21111,21487,20151,19316,18407,17831,18459,19511,20970,22773,23780,24441,25431,25620,25361,23719,22518,23325,23364,24327,22775,16070,12339,12691,14154,16628,16869,16388,16504,15715,15430,14512,13227,12135,10764,9845,8976,8155,7404,6810,6385,6136,5804,5285,4910,4658,4326,3988,3606,3218,2771,2299,1963,1659,1366,1104,849,664,517,369,248,164,107,66,38,22,25
Estimates,2018,16854,18200,17693,17883,18262,18497,18262,17598,17695,17583,17153,16695,16346,16079,15808,15671,15738,16194,16238,15979,16299,16767,17342,17895,18434,19142,20280,23528,25542,24651,24813,24657,23033,21540,20397,21088,21463,20127,19292,18383,17805,18430,19477,20931,22726,23728,24385,25368,25551,25285,23639,22433,23227,23258,24209,22659,15983,12267,12610,14054,16496,16717,16220,16314,15515,15217,14296,13015,11920,10549,9626,8755,7932,7180,6583,6149,5887,5544,5022,4638,4369,4025,3678,3294,2909,2478,2032,1713,1428,1158,920,693,529,400,277,180,116,73,43,24,28
Estimates,2019,14976,16830,18189,17684,17875,18255,18491,18256,17591,17688,17576,17146,16688,16339,16071,15798,15660,15725,16179,16221,15961,16279,16745,17320,17872,18409,19117,20254,23499,25512,24622,24784,24629,23007,21515,20374,21063,21438,20102,19266,18356,17777,18398,19441,20889,22678,23675,24327,25303,25478,25204,23553,22342,23125,23149,24088,22539,15892,12191,12523,13945,16351,16550,16038,16112,15305,14994,14072,12794,11695,10321,9392,8521,7699,6948,6348,5908,5632,5277,4752,4358,4073,3719,3367,2985,2607,2196,1778,1479,1215,968,753,554,411,302,202,128,80,49,28,31
Estimates,2020,13362,14957,16821,18181,17678,17870,18250,18486,18250,17585,17682,17570,17140,16682,16332,16063,15790,15650,15714,16166,16207,15946,16263,16728,17302,17853,18390,19096,20232,23475,25487,24597,24759,24604,22984,21493,20352,21041,21414,20078,19241,18330,17749,18367,19405,20848,22630,23621,24266,25233,25398,25115,23461,22246,23018,23035,23962,22413,15795,12108,12427,13823,16188,16366,15841,15895,15082,14758,13833,12557,11451,10074,9141,8271,7452,6702,6101,5654,5363,4996,4468,4064,3765,3405,3052,2677,2311,1922,1536,1258,1015,793,603,431,311,221,144,88,53,31,36
Estimates,2021,11502,13347,14950,16815,18176,17673,17866,18245,18480,18244,17580,17676,17564,17134,16676,16326,16056,15782,15641,15703,16155,16194,15932,16248,16713,17286,17837,18373,19078,20213,23452,25462,24574,24735,24580,22962,21472,20332,21018,21390,20053,19215,18302,17720,18334,19368,20805,22580,23563,24201,25157,25312,25019,23362,22145,22907,22917,23830,22277,15688,12015,12319,13687,16009,16165,15629,15664,14845,14507,13575,12299,11185,9806,8870,8003,7188,6441,5839,5385,5078,4697,4167,3757,3446,3086,2736,2373,2023,1660,1306,1052,832,635,470,326,228,158,100,59,35,41
Medium,2022,10762,11487,13339,14943,16809,18171,17668,17860,18239,18474,18238,17574,17670,17558,17127,16667,16316,16045,15769,15627,15687,16137,16175,15912,16228,16692,17265,17815,18351,19055,20189,23426,25435,24547,24709,24555,22937,21448,20308,20993,21362,20024,19185,18271,17687,18298,19328,20759,22525,23500,24128,25072,25217,24916,23258,22040,22792,22793,23688,22130,15572,11913,12200,13539,15818,15955,15408,15425,14600,14245,13300,12019,10899,9526,8591,7727,6916,6172,5568,5105,4782,4389,3860,3447,3130,2773,2431,2083,1753,1416,1095,865,669,497,357,240,163,110,67,38,46
Medium,2023,10650,10747,11479,13332,14937,16803,18165,17662,17854,18233,18468,18232,17567,17663,17550,17118,16656,16303,16030,15753,15608,15668,16116,16153,15891,16206,16669,17242,17792,18327,19031,20165,23400,25408,24521,24683,24528,22912,21423,20283,20965,21331,19993,19152,18237,17652,18260,19285,20708,22465,23430,24047,24978,25114,24807,23150,21932,22672,22662,23537,21971,15445,11802,12073,13382,15619,15738,15182,15181,14347,13963,13002,11722,10605,9241,8307,7445,6637,5895,5288,4817,4478,4075,3551,3139,2821,2472,2142,1811,1501,1192,904,697,524,378,264,172,113,74,43,52
Medium,2024,10562,10636,10739,11473,13326,14931,16798,18159,17656,17848,18227,18461,18225,17560,17655,17541,17107,16644,16289,16014,15735,15589,15647,16094,16132,15869,16183,16647,17219,17769,18304,19008,20141,23374,25381,24495,24657,24502,22886,21397,20256,20935,21298,19959,19118,18202,17616,18219,19239,20654,22399,23353,23959,24878,25006,24694,23039,21818,22544,22520,23371,21796,15305,11682,11937,13217,15410,15511,14946,14924,14069,13656,12688,11412,10294,8942,8010,7150,6345,5605,4995,4516,4163,3754,3239,2834,2518,2180,1865,1554,1265,986,731,548,400,280,190,120,76,48,60
Medium,2025,10455,10548,10628,10733,11467,13321,14926,16793,18153,17651,17842,18220,18455,18218,17553,17646,17530,17094,16629,16273,15996,15715,15569,15626,16073,16110,15847,16161,16624,17196,17746,18281,18986,20118,23350,25355,24470,24631,24475,22859,21370,20228,20903,21264,19924,19082,18165,17577,18177,19189,20594,22327,23269,23865,24774,24895,24578,22923,21697,22405,22364,23188,21603,15153,11553,11793,13044,15192,15275,14698,14640,13766,13332,12358,11084,9968,8629,7699,6841,6038,5299,4687,4203,3839,3429,2928,2533,2224,1901,1603,1313,1049,799,576,419,297,202,132,81,50,67
Medium,2026,10332,10441,10541,10623,10728,11463,13317,14922,16787,18148,17645,17836,18214,18448,18211,17544,17635,17517,17080,16613,16255,15977,15695,15548,15605,16051,16088,15825,16140,16603,17175,17725,18260,18964,20097,23326,25329,24444,24604,24447,22830,21340,20198,20870,21227,19887,19044,18126,17537,18131,19135,20529,22248,23179,23767,24666,24780,24456,22798,21567,22254,22193,22987,21392,14989,11416,11642,12863,14966,15026,14424,14330,13445,12992,12010,10740,9627,8301,7372,6514,5714,4978,4367,3881,3512,3104,2622,2241,1943,1636,1356,1090,851,631,442,312,215,142,90,53,72
Medium,2027,10229,10318,10434,10535,10618,10724,11459,13313,14917,16782,18142,17639,17831,18208,18441,18202,17533,17623,17503,17064,16595,16236,15957,15675,15528,15584,16030,16066,15804,16118,16582,17154,17704,18239,18944,20075,23302,25304,24418,24576,24417,22800,21310,20166,20834,21189,19849,19004,18085,17493,18080,19075,20458,22164,23086,23666,24554,24660,24326,22664,21424,22087,22004,22767,21166,14816,11273,11484,12675,14726,14752,14124,14003,13109,12632,11644,10379,9268,7955,7027,6170,5373,4644,4038,3554,3184,2784,2324,1961,1675,1387,1129,887,674,485,330,226,151,96,59,78
Medium,2028,10139,10216,10312,10429,10530,10614,10720,11455,13308,14912,16777,18136,17634,17824,18200,18432,18191,17521,17608,17486,17046,16576,16216,15937,15654,15507,15563,16009,16045,15783,16098,16561,17134,17684,18219,18923,20054,23278,25277,24391,24547,24386,22768,21277,20132,20797,21148,19808,18962,18041,17445,18025,19010,20382,22076,22989,23561,24437,24532,24186,22518,21267,21903,21799,22531,20927,14635,11123,11319,12476,14462,14451,13807,13659,12753,12254,11260,9999,8890,7590,6662,5808,5018,4299,3702,3227,2859,2471,2037,1693,1422,1156,920,704,519,363,240,159,103,63,85
Medium,2029,10066,10126,10209,10306,10424,10526,10610,10717,11451,13304,14908,16772,18131,17627,17817,18192,18421,18179,17507,17592,17469,17027,16556,16195,15916,15634,15486,15542,15988,16025,15763,16078,16542,17114,17664,18200,18903,20033,23254,25250,24363,24516,24352,22734,21242,20097,20759,21106,19765,18917,17993,17393,17965,18941,20303,21986,22889,23451,24313,24393,24032,22356,21093,21703,21578,22282,20676,14445,10967,11145,12257,14173,14134,13475,13295,12378,11856,10855,9597,8489,7203,6278,5429,4650,3947,3366,2902,2542,2169,1762,1440,1187,944,731,544,390,265,169,109,68,93
Medium,2030,10005,10054,10120,10204,10301,10420,10522,10606,10713,11448,13300,14903,16766,18124,17620,17809,18182,18409,18165,17491,17575,17450,17007,16536,16175,15896,15613,15466,15522,15968,16005,15744,16059,16523,17095,17645,18181,18884,20012,23229,25221,24333,24483,24317,22697,21206,20060,20718,21062,19719,18867,17940,17336,17901,18869,20222,21892,22785,23333,24178,24242,23863,22178,20905,21488,21344,22020,20414,14247,10802,10953,12016,13867,13800,13122,12911,11984,11437,10427,9172,8065,6795,5875,5037,4275,3593,3031,2584,2234,1879,1501,1204,971,751,566,409,285,187,115,71,100
Medium,2031,9956,9993,10047,10114,10199,10297,10416,10519,10603,10709,11444,13296,14898,16761,18118,17612,17799,18170,18395,18149,17474,17556,17430,16987,16516,16155,15875,15593,15446,15502,15948,15986,15726,16041,16505,17077,17627,18162,18864,19990,23202,25190,24300,24448,24279,22660,21168,20022,20675,21014,19669,18813,17883,17276,17834,18795,20137,21794,22673,23207,24031,24074,23677,21984,20702,21260,21099,21746,20140,14038,10620,10743,11762,13545,13445,12749,12507,11568,10993,9973,8721,7616,6367,5457,4636,3897,3241,2703,2275,1939,1604,1258,987,775,583,427,300,202,128,76,108
Medium,2032,9937,9944,9986,10042,10110,10196,10294,10413,10516,10599,10706,11440,13292,14893,16754,18109,17603,17787,18156,18379,18131,17455,17536,17410,16966,16495,16134,15855,15573,15426,15483,15929,15968,15708,16024,16488,17060,17609,18143,18843,19967,23174,25158,24266,24411,24240,22620,21128,19981,20629,20961,19613,18754,17822,17213,17765,18718,20049,21689,22553,23068,23869,23891,23474,21775,20487,21021,20842,21459,19849,13806,10420,10520,11494,13203,13071,12357,12080,11126,10522,9491,8244,7144,5922,5030,4231,3520,2894,2384,1978,1659,1347,1033,789,602,441,313,213,138,85,116
Medium,2033,9935,9926,9938,9981,10038,10106,10192,10291,10410,10512,10596,10703,11437,13287,14887,16746,18100,17591,17773,18140,18362,18113,17436,17516,17389,16946,16475,16114,15835,15554,15407,15465,15911,15950,15691,16007,16471,17042,17591,18123,18822,19943,23144,25123,24230,24372,24198,22578,21086,19937,20578,20904,19554,18692,17759,17148,17694,18637,19954,21577,22421,22916,23690,23691,23257,21555,20261,20770,20573,21155,19528,13553,10208,10285,11209,12842,12677,11943,11627,10658,10021,8979,7741,6653,5465,4597,3827,3149,2557,2076,1695,1395,1109,828,615,456,324,223,147,92,126
Medium,2034,9920,9923,9920,9933,9977,10034,10103,10189,10287,10406,10509,10593,10699,11432,13281,14880,16737,18088,17578,17758,18123,18343,18093,17416,17496,17369,16926,16455,16094,15816,15535,15389,15448,15894,15933,15675,15990,16454,17024,17572,18103,18799,19917,23113,25087,24192,24331,24155,22535,21041,19889,20523,20841,19490,18627,17693,17080,17619,18552,19853,21453,22276,22749,23496,23476,23026,21323,20025,20508,20288,20820,19176,13284,9985,10036,10908,12461,12259,11502,11145,10159,9490,8440,7217,6148,5003,4164,3428,2786,2230,1782,1428,1151,891,647,467,336,231,154,97,138
Medium,2035,9933,9909,9917,9914,9929,9973,10031,10100,10186,10284,10403,10506,10589,10695,11427,13275,14871,16726,18075,17563,17741,18105,18324,18073,17396,17476,17349,16906,16435,16075,15798,15517,15372,15431,15877,15917,15658,15974,16437,17006,17552,18081,18775,19890,23080,25048,24152,24288,24109,22487,20991,19837,20463,20775,19423,18559,17625,17010,17540,18459,19741,21317,22117,22566,23288,23248,22783,21079,19777,20229,19973,20452,18803,13000,9747,9772,10590,12057,11815,11033,10631,9628,8928,7878,6677,5636,4539,3736,3038,2435,1918,1505,1180,927,698,493,345,240,160,103,149
Medium,2036,9984,9922,9903,9912,9910,9925,9970,10028,10096,10183,10281,10400,10503,10586,10690,11421,13266,14861,16713,18060,17546,17723,18086,18304,18053,17376,17455,17329,16886,16416,16057,15780,15500,15355,15414,15861,15901,15643,15958,16419,16987,17531,18058,18750,19862,23045,25008,24111,24243,24060,22436,20937,19780,20399,20706,19355,18489,17553,16934,17454,18358,19619,21168,21944,22370,23067,23009,22528,20824,19514,19922,19627,20061,18408,12697,9495,9492,10253,11627,11341,10532,10085,9067,8341,7297,6128,5121,4078,3316,2658,2097,1623,1246,952,727,532,365,248,166,107,160
Medium,2037,10058,9973,9916,9898,9908,9907,9922,9967,10025,10093,10180,10278,10397,10499,10581,10684,11413,13256,14849,16699,18043,17528,17705,18066,18284,18033,17356,17436,17309,16867,16398,16039,15762,15484,15339,15399,15845,15885,15627,15941,16401,16968,17510,18034,18723,19832,23008,24966,24067,24194,24006,22379,20879,19720,20332,20634,19283,18416,17478,16853,17360,18247,19485,21006,21757,22163,22834,22757,22262,20553,19223,19584,19260,19648,17988,12376,9229,9196,9893,11168,10835,9999,9506,8480,7735,6706,5576,4609,3626,2907,2294,1778,1346,1007,749,556,395,262,172,111,169
Medium,2038,10162,10047,9967,9911,9894,9904,9903,9919,9964,10022,10091,10177,10275,10393,10494,10575,10677,11404,13245,14835,16683,18025,17510,17685,18046,18264,18013,17336,17416,17290,16848,16380,16022,15746,15468,15324,15384,15830,15869,15610,15924,16382,16947,17487,18009,18696,19801,22970,24921,24019,24141,23946,22318,20816,19657,20263,20560,19209,18338,17396,16765,17257,18125,19339,20832,21560,21944,22589,22493,21978,20254,18904,19225,18871,19207,17541,12036,8946,8879,9509,10678,10295,9434,8899,7872,7116,6109,5025,4105,3185,2513,1947,1478,1091,794,575,414,285,182,115,178
Medium,2039,10245,10152,10041,9962,9907,9890,9901,9900,9916,9961,10019,10088,10174,10272,10389,10488,10568,10668,11393,13231,14819,16665,18007,17491,17666,18027,18244,17994,17317,17397,17271,16831,16363,16006,15730,15452,15309,15369,15814,15853,15594,15905,16363,16925,17463,17983,18667,19768,22930,24873,23968,24083,23882,22253,20751,19591,20192,20482,19129,18254,17307,16668,17144,17992,19182,20647,21352,21714,22333,22212,21664,19925,18564,18844,18455,18738,17068,11674,8643,8540,9098,10153,9722,8840,8270,7251,6491,5514,4482,3611,2758,2137,1622,1200,862,610,429,299,199,122,187
Medium,2040,10296,10234,10146,10037,9958,9904,9887,9898,9898,9913,9958,10016,10085,10170,10267,10383,10481,10558,10657,11380,13217,14803,16648,17988,17472,17647,18007,18225,17974,17299,17379,17254,16814,16347,15990,15715,15438,15294,15353,15798,15836,15576,15886,16342,16902,17438,17955,18636,19734,22886,24821,23911,24020,23814,22185,20684,19524,20117,20399,19044,18163,17209,16561,17022,17849,19015,20452,21132,21472,22059,21901,21318,19574,18204,18437,18014,18241,16563,11287,8319,8177,8658,9596,9119,8223,7625,6622,5865,4924,3949,3133,2351,1784,1320,951,664,457,310,209,134,198
Medium,2041,10338,10285,10229,10141,10033,9955,9901,9884,9895,9895,9910,9956,10013,10081,10166,10261,10376,10472,10548,10644,11366,13201,14786,16629,17969,17453,17627,17988,18205,17956,17281,17361,17237,16797,16331,15975,15700,15423,15280,15338,15782,15819,15558,15866,16320,16878,17411,17927,18605,19697,22839,24764,23850,23953,23743,22115,20614,19453,20037,20310,18950,18062,17101,16445,16889,17697,18839,20246,20902,21215,21757,21559,20951,19202,17818,18004,17545,17710,16023,10872,7971,7788,8190,9009,8492,7591,6972,5992,5245,4346,3432,2676,1966,1455,1047,734,498,331,217,141,212
Medium,2042,10376,10328,10280,10224,10137,10029,9952,9898,9882,9893,9892,9908,9953,10010,10077,10160,10254,10367,10461,10535,10631,11351,13184,14768,16611,17950,17434,17609,17969,18187,17938,17263,17344,17220,16782,16316,15960,15686,15408,15265,15322,15765,15800,15538,15846,16297,16853,17384,17897,18570,19657,22787,24702,23785,23883,23670,22042,20541,19377,19951,20212,18848,17952,16984,16320,16749,17537,18654,20031,20657,20930,21424,21195,20560,18804,17408,17544,17044,17142,15443,10426,7598,7374,7696,8398,7849,6950,6317,5366,4636,3784,2937,2243,1608,1158,811,552,363,233,147,227
Medium,2043,10360,10366,10322,10275,10220,10134,10026,9949,9895,9879,9890,9890,9905,9949,10006,10071,10153,10245,10356,10449,10522,10616,11335,13168,14751,16593,17931,17415,17590,17951,18169,17920,17247,17328,17205,16766,16301,15946,15671,15393,15249,15306,15747,15781,15518,15824,16273,16827,17355,17864,18533,19613,22731,24636,23717,23810,23593,21965,20463,19296,19857,20105,18735,17832,16858,16188,16601,17369,18459,19800,20385,20616,21069,20807,20142,18380,16972,17053,16507,16532,14820,9947,7200,6937,7182,7770,7194,6305,5666,4751,4042,3243,2466,1838,1283,898,611,403,255,158,240
Medium,2044,10322,10350,10360,10318,10271,10217,10131,10023,9946,9893,9877,9888,9887,9902,9945,10000,10064,10144,10235,10344,10435,10507,10600,11319,13151,14733,16574,17912,17397,17572,17933,18152,17903,17231,17313,17189,16752,16287,15931,15656,15378,15233,15289,15728,15761,15497,15801,16249,16800,17325,17829,18492,19565,22671,24567,23646,23735,23513,21883,20379,19207,19754,19988,18613,17702,16724,16048,16445,17191,18251,19545,20086,20282,20691,20392,19695,17928,16505,16525,15930,15875,14150,9436,6780,6480,6652,7130,6535,5662,5023,4149,3471,2729,2026,1471,998,679,447,284,173,257
Medium,2045,10240,10312,10344,10356,10314,10268,10214,10128,10021,9944,9890,9874,9885,9884,9898,9940,9993,10056,10134,10223,10331,10421,10492,10585,11303,13134,14716,16556,17894,17379,17555,17916,18135,17887,17215,17298,17175,16737,16272,15916,15641,15362,15216,15271,15708,15740,15475,15778,16223,16771,17291,17791,18448,19515,22609,24495,23573,23656,23427,21795,20287,19110,19641,19860,18481,17565,16583,15900,16280,17001,18021,19264,19767,19925,20286,19949,19220,17444,16003,15957,15308,15167,13433,8894,6340,6009,6112,6485,5877,5026,4393,3568,2925,2246,1624,1148,757,498,316,193,278
Medium,2046,10089,10231,10306,10340,10352,10310,10265,10211,10125,10018,9941,9888,9871,9882,9880,9892,9933,9984,10045,10122,10209,10316,10406,10476,10569,11287,13117,14699,16539,17876,17362,17538,17900,18119,17872,17201,17283,17160,16723,16257,15901,15625,15345,15198,15252,15688,15719,15453,15753,16195,16739,17254,17749,18402,19462,22544,24421,23496,23571,23335,21700,20187,19003,19519,19723,18340,17420,16433,15744,16104,16791,17767,18964,19426,19543,19854,19477,18710,16923,15462,15344,14637,14410,12673,8327,5886,5528,5565,5840,5226,4403,3785,3013,2412,1805,1270,872,557,353,215,306
Medium,2047,9926,10079,10225,10302,10336,10349,10307,10262,10208,10123,10016,9939,9885,9868,9878,9874,9885,9924,9974,10033,10109,10195,10301,10390,10460,10553,11271,13101,14682,16522,17859,17346,17522,17884,18104,17857,17186,17269,17145,16708,16242,15885,15608,15328,15180,15232,15667,15696,15429,15726,16165,16704,17215,17705,18353,19407,22477,24342,23414,23480,23235,21594,20076,18887,19386,19576,18192,17266,16276,15577,15909,16560,17496,18643,19060,19134,19392,18969,18161,16361,14878,14682,13918,13606,11876,7740,5421,5041,5018,5199,4585,3800,3202,2490,1942,1415,968,643,396,241,339
Medium,2048,9720,9917,10074,10221,10298,10333,10346,10305,10259,10206,10121,10013,9936,9882,9864,9872,9867,9877,9914,9962,10020,10094,10180,10286,10374,10444,10537,11255,13085,14666,16505,17843,17330,17507,17869,18089,17842,17172,17254,17131,16692,16226,15869,15591,15310,15161,15212,15644,15672,15403,15697,16132,16666,17173,17659,18302,19350,22406,24259,23325,23381,23124,21479,19956,18761,19245,19421,18035,17104,16107,15393,15694,16311,17205,18299,18669,18697,18895,18422,17567,15753,14246,13972,13153,12761,11049,7138,4949,4551,4474,4568,3963,3220,2651,2009,1526,1081,716,459,271,379
Medium,2049,9462,9711,9912,10069,10217,10295,10330,10343,10302,10257,10203,10118,10011,9933,9878,9859,9866,9859,9866,9902,9949,10006,10079,10165,10270,10359,10429,10522,11240,13069,14650,16490,17827,17315,17492,17854,18074,17828,17158,17239,17115,16676,16210,15851,15573,15291,15141,15191,15621,15647,15375,15666,16096,16626,17129,17611,18249,19290,22330,24169,23228,23272,23003,21353,19826,18628,19095,19256,17868,16930,15919,15188,15463,16046,16893,17930,18250,18226,18359,17830,16925,15096,13567,13215,12348,11884,10200,6525,4474,4064,3937,3955,3365,2671,2143,1583,1169,801,512,316,426
Medium,2050,9174,9453,9706,9907,10066,10214,10292,10327,10341,10300,10255,10201,10116,10008,9929,9873,9852,9857,9849,9855,9889,9935,9991,10064,10149,10254,10343,10414,10507,11225,13055,14636,16475,17812,17300,17478,17840,18060,17814,17143,17224,17099,16660,16192,15833,15554,15271,15120,15168,15596,15619,15345,15632,16058,16585,17083,17561,18194,19227,22249,24071,23122,23152,22871,21217,19688,18486,18937,19082,17690,16736,15712,14969,15216,15760,16558,17534,17798,17717,17778,17188,16229,14388,12843,12418,11512,10982,9336,5909,4001,3582,3414,3363,2796,2164,1692,1215,868,574,353,488
Medium,2051,8864,9166,9448,9701,9904,10062,10211,10289,10325,10338,10298,10252,10199,10113,10004,9924,9866,9844,9847,9837,9842,9875,9920,9976,10049,10134,10239,10328,10399,10493,11211,13041,14621,16460,17797,17286,17464,17826,18046,17799,17128,17208,17082,16642,16174,15814,15534,15250,15098,15145,15569,15589,15312,15596,16018,16541,17036,17509,18135,19158,22160,23963,23006,23022,22728,21072,19541,18335,18769,18896,17492,16523,15490,14734,14949,15453,16199,17108,17310,17166,17148,16492,15479,13632,12080,11589,10650,10063,8463,5292,3532,3111,2908,2800,2271,1713,1302,905,624,397,555
Medium,2052,8566,8856,9161,9444,9698,9900,10060,10208,10287,10322,10336,10295,10250,10196,10109,9999,9917,9858,9834,9835,9824,9828,9860,9905,9961,10033,10119,10224,10314,10385,10479,11198,13027,14608,16446,17783,17273,17450,17812,18031,17784,17113,17192,17065,16624,16155,15795,15514,15229,15075,15119,15539,15556,15278,15558,15977,16496,16986,17453,18071,19083,22063,23845,22879,22881,22576,20918,19385,18176,18588,18688,17273,16293,15251,14481,14664,15124,15812,16646,16780,16567,16465,15741,14677,12834,11284,10733,9770,9133,7589,4679,3072,2655,2426,2279,1801,1320,972,651,432,630
Medium,2053,8296,8557,8851,9156,9440,9695,9898,10057,10206,10285,10320,10334,10293,10247,10192,10103,9992,9909,9848,9822,9822,9810,9813,9845,9890,9945,10018,10104,10210,10300,10372,10467,11185,13014,14595,16433,17769,17259,17436,17798,18016,17768,17096,17174,17047,16605,16136,15774,15492,15206,15050,15090,15507,15521,15241,15518,15934,16449,16933,17393,18001,19000,21956,23716,22742,22731,22414,20754,19219,18005,18388,18459,17037,16047,14994,14209,14357,14768,15392,16144,16203,15916,15725,14937,13828,11999,10460,9856,8878,8199,6719,4077,2626,2219,1978,1811,1392,988,701,452,704
Medium,2054,8026,8288,8552,8847,9153,9437,9692,9895,10055,10203,10282,10318,10331,10290,10243,10186,10097,9984,9899,9836,9809,9809,9796,9798,9830,9875,9931,10004,10089,10196,10287,10359,10454,11173,13002,14582,16420,17756,17246,17423,17783,18000,17752,17079,17156,17027,16585,16115,15753,15469,15181,15022,15060,15474,15485,15203,15477,15889,16398,16875,17327,17925,18910,21839,23576,22595,22571,22242,20580,19041,17814,18166,18211,16784,15781,14717,13917,14024,14382,14935,15598,15576,15212,14933,14085,12941,11136,9617,8967,7981,7268,5863,3492,2199,1813,1575,1402,1044,714,488,767
Medium,2055,7756,8018,8283,8548,8843,9150,9434,9689,9893,10052,10201,10280,10315,10328,10286,10238,10180,10089,9974,9887,9823,9795,9794,9781,9783,9815,9860,9916,9990,10076,10183,10274,10347,10442,11162,12990,14570,16407,17742,17232,17408,17768,17984,17734,17062,17137,17008,16565,16094,15730,15444,15153,14992,15028,15438,15448,15164,15434,15841,16343,16813,17255,17841,18811,21713,23427,22439,22400,22059,20393,18844,17603,17926,17946,16511,15495,14419,13600,13663,13962,14437,15003,14897,14456,14093,13194,12021,10249,8759,8071,7085,6352,5030,2931,1801,1448,1223,1054,757,498,834
Medium,2056,7509,7748,8013,8279,8545,8840,9147,9432,9687,9891,10050,10199,10278,10313,10324,10281,10231,10172,10079,9962,9875,9809,9781,9779,9766,9768,9800,9845,9902,9976,10063,10170,10262,10335,10431,11151,12979,14558,16394,17728,17218,17393,17752,17967,17716,17043,17118,16987,16543,16070,15704,15417,15124,14961,14994,15401,15408,15123,15388,15789,16284,16744,17176,17750,18704,21578,23268,22273,22219,21862,20184,18624,17375,17669,17658,16216,15186,14096,13256,13270,13504,13895,14358,14167,13654,13212,12268,11075,9347,7894,7175,6201,5458,4229,2405,1441,1126,921,766,529,887
Medium,2057,7300,7501,7744,8009,8276,8542,8838,9145,9430,9685,9889,10048,10197,10275,10309,10319,10274,10223,10162,10067,9949,9861,9795,9766,9764,9751,9753,9786,9831,9888,9963,10050,10158,10250,10324,10421,11140,12968,14546,16381,17714,17204,17378,17735,17949,17698,17024,17097,16965,16520,16045,15677,15387,15093,14927,14958,15363,15367,15078,15339,15733,16218,16668,17089,17651,18590,21434,23099,22096,22024,21642,19954,18387,17130,17391,17349,15899,14851,13745,12880,12841,13004,13306,13664,13391,12812,12296,11314,10111,8434,7027,6289,5337,4595,3477,1929,1123,850,671,537,944
Medium,2058,7149,7292,7496,7740,8006,8273,8539,8835,9143,9428,9683,9886,10046,10194,10271,10304,10313,10266,10213,10150,10054,9936,9846,9780,9751,9749,9736,9739,9772,9818,9875,9950,10038,10147,10239,10313,10410,11130,12957,14535,16368,17700,17188,17362,17718,17930,17678,17004,17075,16941,16494,16018,15648,15356,15060,14893,14922,15322,15323,15031,15285,15671,16147,16586,16996,17546,18469,21281,22919,21905,21807,21399,19705,18133,16865,17091,17015,15554,14487,13362,12470,12373,12461,12672,12926,12576,11935,11352,10341,9135,7519,6169,5421,4502,3785,2794,1508,850,621,471,988
Medium,2059,7022,7142,7288,7492,7736,8003,8270,8537,8833,9141,9426,9681,9884,10043,10190,10266,10297,10305,10256,10202,10137,10041,9921,9832,9765,9737,9735,9722,9725,9759,9805,9863,9939,10027,10136,10229,10303,10401,11120,12946,14523,16355,17685,17173,17345,17700,17911,17658,16983,17052,16916,16467,15989,15617,15323,15026,14857,14883,15279,15275,14979,15226,15603,16068,16497,16896,17433,18339,21117,22725,21693,21566,21137,19436,17857,16579,16767,16652,15179,14089,12943,12022,11863,11875,11996,12149,11727,11030,10387,9354,8154,6611,5326,4582,3716,3048,2189,1144,622,437,973
Medium,2060,6916,7014,7137,7284,7489,7733,8000,8268,8535,8831,9139,9424,9679,9881,10039,10185,10260,10289,10295,10245,10189,10124,10026,9907,9817,9751,9722,9721,9708,9712,9746,9793,9851,9928,10016,10126,10219,10294,10391,11110,12935,14510,16340,17669,17156,17327,17681,17890,17636,16960,17027,16888,16437,15958,15584,15289,14990,14819,14842,15232,15224,14922,15161,15529,15984,16402,16790,17313,18201,20941,22509,21458,21306,20854,19146,17559,16270,16415,16256,14768,13654,12485,11534,11313,11251,11285,11339,10849,10103,9406,8360,7179,5717,4509,3789,2999,2393,1664,840,439,940
Medium,2061,6872,6909,7010,7134,7280,7486,7731,7998,8266,8533,8829,9137,9422,9676,9878,10035,10179,10252,10279,10283,10232,10175,10109,10012,9892,9802,9736,9708,9707,9695,9699,9734,9781,9840,9917,10006,10116,10209,10284,10381,11100,12923,14497,16326,17652,17139,17309,17661,17869,17613,16935,17000,16859,16406,15925,15550,15254,14953,14779,14798,15182,15167,14860,15091,15449,15894,16301,16676,17185,18052,20745,22269,21203,21025,20547,18832,17237,15934,16030,15823,14319,13177,11985,11007,10726,10592,10541,10500,9948,9160,8418,7371,6217,4849,3736,3064,2359,1823,1224,594,920
Medium,2062,6840,6865,6905,7006,7130,7278,7484,7729,7996,8264,8531,8827,9135,9419,9672,9873,10028,10171,10242,10268,10271,10219,10161,10095,9997,9877,9788,9722,9694,9694,9682,9687,9722,9770,9830,9907,9996,10106,10200,10275,10372,11090,12912,14484,16310,17635,17121,17290,17640,17846,17588,16909,16971,16827,16373,15891,15515,15216,14913,14736,14749,15126,15105,14792,15014,15363,15797,16192,16555,17046,17886,20527,22009,20929,20721,20215,18492,16886,15567,15609,15348,13826,12657,11445,10443,10106,9903,9771,9638,9029,8208,7431,6394,5282,4026,3027,2416,1802,1344,868,1016
Medium,2063,6818,6833,6860,6901,7003,7128,7275,7482,7727,7994,8262,8529,8825,9132,9415,9668,9867,10020,10161,10230,10255,10257,10204,10146,10080,9982,9863,9774,9708,9681,9681,9670,9676,9712,9760,9820,9897,9987,10097,10191,10265,10362,11080,12900,14471,16295,17617,17103,17270,17618,17821,17561,16880,16939,16794,16338,15855,15477,15177,14870,14688,14696,15065,15037,14718,14932,15271,15694,16076,16423,16892,17701,20292,21728,20631,20391,19856,18121,16503,15164,15147,14828,13287,12094,10866,9847,9457,9188,8978,8758,8100,7256,6455,5441,4393,3268,2392,1849,1331,955,1278
Medium,2064,6816,6811,6828,6857,6898,7000,7125,7273,7480,7725,7993,8261,8527,8823,9128,9411,9661,9859,10010,10150,10218,10242,10243,10190,10132,10066,9968,9849,9760,9695,9669,9669,9659,9665,9701,9750,9810,9888,9978,10088,10181,10256,10352,11069,12887,14456,16278,17598,17083,17248,17594,17794,17532,16850,16907,16759,16303,15818,15438,15134,14823,14637,14638,14999,14964,14639,14845,15173,15583,15951,16277,16720,17501,20037,21424,20308,20034,19464,17716,16082,14722,14640,14258,12704,11491,10255,9223,8782,8451,8167,7867,7171,6312,5502,4533,3573,2588,1835,1369,949,1522
Medium,2065,6809,6810,6807,6825,6853,6895,6998,7123,7271,7478,7723,7991,8259,8525,8819,9124,9404,9653,9849,9999,10137,10204,10228,10228,10175,10117,10051,9954,9835,9747,9683,9657,9658,9648,9655,9691,9741,9801,9879,9969,10079,10172,10246,10342,11058,12875,14442,16261,17579,17062,17225,17568,17765,17501,16818,16872,16723,16265,15778,15395,15087,14772,14580,14575,14927,14885,14555,14751,15068,15464,15812,16115,16535,17285,19761,21094,19958,19645,19035,17271,15620,14236,14085,13641,12079,10852,9612,8572,8086,7697,7345,6973,6248,5389,4593,3695,2836,1991,1362,978,1687
Medium,2066,6815,6802,6805,6803,6821,6851,6893,6996,7121,7269,7476,7722,7989,8256,8521,8815,9118,9396,9644,9838,9987,10124,10190,10213,10214,10161,10103,10037,9940,9822,9735,9671,9646,9647,9638,9645,9682,9732,9792,9870,9960,10070,10163,10236,10332,11047,12861,14426,16243,17558,17040,17200,17539,17734,17468,16784,16837,16685,16225,15735,15348,15036,14716,14518,14507,14850,14801,14465,14651,14955,15331,15656,15939,16334,17050,19461,20736,19575,19218,18563,16781,15112,13704,13483,12978,11416,10181,8942,7900,7372,6930,6518,6084,5342,4506,3751,2938,2185,1481,975,1820
Medium,2067,6835,6808,6798,6801,6800,6819,6848,6891,6994,7120,7268,7475,7720,7986,8253,8517,8808,9110,9387,9633,9825,9973,10110,10176,10199,10199,10146,10089,10024,9928,9810,9723,9660,9635,9637,9628,9636,9673,9723,9784,9861,9951,10060,10153,10226,10322,11035,12848,14410,16223,17535,17015,17173,17510,17702,17434,16749,16799,16645,16181,15688,15297,14980,14654,14451,14433,14768,14711,14368,14542,14828,15183,15488,15748,16115,16796,19135,20344,19156,18748,18044,16242,14554,13126,12836,12275,10718,9479,8250,7211,6645,6158,5695,5211,4476,3688,2989,2270,1630,1063,1909
Medium,2068,6833,6828,6804,6794,6798,6797,6816,6846,6889,6992,7118,7266,7473,7717,7983,8248,8511,8801,9100,9376,9620,9812,9959,10095,10161,10184,10185,10132,10075,10011,9915,9798,9712,9649,9625,9628,9619,9627,9664,9714,9775,9852,9942,10051,10143,10216,10311,11023,12833,14393,16203,17510,16989,17144,17478,17668,17399,16713,16759,16601,16134,15637,15241,14919,14588,14379,14355,14680,14614,14264,14421,14687,15022,15306,15541,15878,16519,18778,19915,18695,18231,17473,15651,13948,12505,12148,11534,9989,8754,7538,6508,5913,5389,4886,4373,3670,2945,2314,1697,1172,2032
Medium,2069,6834,6826,6824,6800,6791,6796,6795,6814,6844,6887,6990,7116,7264,7470,7714,7978,8242,8503,8791,9089,9364,9607,9798,9945,10081,10147,10170,10171,10119,10063,9999,9903,9787,9701,9639,9615,9618,9610,9618,9656,9705,9766,9843,9932,10041,10133,10206,10300,11011,12818,14375,16180,17484,16961,17114,17445,17633,17361,16673,16716,16553,16082,15581,15180,14852,14517,14303,14270,14585,14510,14147,14286,14534,14848,15107,15316,15621,16216,18387,19442,18187,17662,16846,15009,13297,11844,11423,10759,9233,8007,6811,5799,5182,4631,4108,3593,2937,2285,1734,1224,2197
Medium,2070,6855,6828,6822,6820,6797,6789,6793,6793,6813,6843,6886,6989,7114,7262,7467,7709,7972,8234,8494,8780,9077,9351,9593,9784,9931,10067,10133,10156,10158,10106,10050,9987,9892,9777,9691,9630,9606,9610,9602,9610,9647,9697,9757,9834,9923,10031,10123,10195,10288,10998,12802,14355,16156,17455,16932,17083,17411,17596,17322,16631,16669,16502,16026,15520,15114,14781,14441,14220,14180,14482,14393,14017,14140,14369,14659,14892,15071,15339,15883,17957,18921,17627,17036,16163,14317,12603,11146,10665,9954,8454,7244,6077,5089,4460,3901,3382,2882,2284,1716,1253,2351
Medium,2071,6863,6848,6823,6818,6817,6794,6786,6791,6791,6811,6841,6884,6987,7112,7259,7463,7703,7965,8225,8483,8768,9064,9337,9579,9770,9916,10053,10119,10143,10145,10094,10039,9976,9882,9767,9682,9621,9597,9601,9593,9601,9639,9688,9748,9825,9913,10021,10112,10184,10276,10984,12785,14334,16130,17426,16901,17050,17375,17556,17279,16586,16618,16445,15964,15454,15043,14705,14359,14132,14082,14368,14263,13876,13982,14189,14453,14658,14803,15029,15517,17482,18347,17011,16355,15427,13579,11870,10416,9877,9125,7657,6471,5341,4388,3764,3218,2719,2247,1720,1244,2482
Medium,2072,6865,6857,6844,6819,6815,6815,6792,6784,6789,6790,6809,6840,6882,6985,7109,7254,7457,7696,7956,8214,8471,8755,9050,9323,9565,9755,9902,10039,10106,10130,10133,10082,10028,9965,9872,9757,9673,9612,9589,9593,9585,9593,9630,9679,9739,9816,9903,10011,10101,10172,10263,10969,12766,14311,16103,17395,16869,17015,17337,17513,17232,16535,16561,16383,15898,15383,14967,14624,14271,14035,13972,14240,14122,13723,13809,13993,14229,14401,14508,14687,15113,16958,17714,16339,15620,14643,12800,11101,9655,9062,8274,6850,5696,4613,3710,3111,2592,2124,1696,1250,2569
Medium,2073,6845,6859,6852,6840,6816,6812,6812,6790,6782,6788,6788,6808,6838,6880,6982,7105,7248,7449,7687,7945,8202,8458,8742,9036,9308,9551,9742,9889,10026,10093,10118,10122,10071,10017,9956,9863,9748,9664,9604,9581,9585,9577,9584,9621,9670,9730,9806,9893,10000,10090,10159,10249,10953,12746,14288,16075,17363,16836,16978,17295,17467,17181,16481,16500,16316,15826,15306,14886,14536,14176,13928,13850,14102,13969,13556,13622,13779,13984,14119,14183,14310,14666,16381,17025,15615,14835,13813,11981,10301,8869,8227,7411,6038,4927,3908,3073,2512,2030,1607,1236,2636
Medium,2074,6820,6839,6854,6849,6837,6814,6810,6810,6788,6781,6786,6786,6806,6836,6877,6977,7099,7241,7440,7676,7933,8190,8444,8728,9022,9294,9537,9728,9876,10013,10081,10107,10111,10061,10007,9946,9854,9740,9656,9596,9573,9576,9568,9576,9613,9661,9720,9796,9883,9989,10077,10146,10235,10936,12725,14263,16046,17329,16800,16938,17250,17416,17125,16421,16434,16243,15749,15224,14798,14440,14069,13809,13718,13951,13802,13375,13417,13545,13713,13807,13824,13892,14174,15751,16279,14841,14004,12940,11127,9471,8061,7378,6543,5232,4182,3243,2486,1972,1540,1174,2676
Medium,2075,6782,6814,6834,6851,6846,6834,6811,6808,6809,6787,6779,6785,6785,6804,6833,6872,6971,7091,7232,7430,7664,7920,8176,8430,8714,9008,9281,9523,9715,9863,10001,10070,10096,10100,10051,9998,9937,9845,9731,9648,9587,9564,9568,9560,9567,9604,9652,9711,9786,9872,9977,10064,10131,10219,10918,12704,14238,16015,17292,16761,16895,17201,17361,17064,16356,16363,16166,15666,15136,14702,14334,13951,13679,13574,13787,13621,13177,13192,13287,13415,13462,13426,13432,13636,15070,15483,14020,13129,12028,10242,8618,7239,6522,5678,4448,3478,2630,1957,1500,1128,2664
Medium,2076,6706,6775,6809,6831,6848,6843,6832,6809,6806,6807,6785,6778,6783,6782,6801,6828,6866,6964,7082,7221,7418,7651,7907,8162,8417,8700,8995,9267,9511,9703,9851,9990,10059,10085,10090,10042,9989,9929,9837,9723,9640,9579,9556,9560,9551,9558,9595,9643,9701,9775,9860,9964,10050,10116,10203,10900,12681,14210,15982,17253,16719,16848,17148,17300,16999,16287,16286,16082,15577,15040,14596,14215,13822,13538,13417,13609,13422,12960,12945,13002,13085,13080,12988,12930,13054,14341,14637,13156,12216,11083,9330,7749,6408,5669,4837,3707,2826,2075,1492,1101,2626
Medium,2077,6624,6699,6771,6806,6828,6845,6841,6830,6808,6805,6805,6784,6776,6781,6779,6796,6822,6859,6955,7072,7209,7405,7638,7893,8148,8403,8686,8981,9255,9498,9691,9840,9979,10049,10076,10081,10033,9981,9920,9829,9715,9632,9571,9548,9551,9543,9550,9585,9633,9690,9764,9848,9950,10035,10100,10186,10881,12657,14182,15946,17211,16673,16796,17089,17235,16928,16212,16204,15993,15480,14933,14477,14086,13682,13384,13246,13414,13205,12721,12671,12686,12719,12659,12508,12386,12432,13568,13746,12252,11267,10107,8400,6870,5580,4837,4038,3019,2235,1586,1099,2585
Medium,2078,6539,6618,6695,6767,6803,6825,6843,6839,6828,6806,6803,6804,6782,6774,6778,6775,6791,6815,6850,6944,7060,7197,7392,7624,7879,8135,8389,8673,8969,9242,9486,9680,9829,9969,10039,10066,10072,10025,9972,9912,9821,9707,9624,9563,9540,9543,9534,9540,9576,9622,9679,9751,9834,9936,10020,10084,10168,10861,12632,14151,15908,17165,16623,16740,17026,17164,16852,16131,16115,15895,15371,14814,14348,13945,13529,13216,13059,13199,12964,12456,12368,12337,12315,12198,11989,11803,11770,12751,12813,11310,10286,9110,7457,5991,4769,4046,3296,2392,1712,1171,2559
Medium,2079,6443,6533,6614,6692,6764,6800,6823,6841,6837,6827,6805,6802,6802,6780,6771,6773,6769,6783,6806,6840,6933,7047,7184,7378,7611,7866,8121,8376,8661,8957,9231,9475,9669,9819,9959,10030,10058,10064,10016,9964,9904,9813,9699,9616,9555,9531,9534,9525,9531,9566,9612,9667,9738,9820,9921,10004,10066,10150,10839,12605,14117,15866,17114,16569,16679,16957,17088,16769,16044,16018,15785,15251,14684,14207,13792,13362,13033,12854,12963,12698,12162,12032,11950,11872,11698,11431,11182,11070,11894,11840,10337,9282,8098,6512,5129,3997,3309,2618,1838,1268,2601
Medium,2080,6324,6437,6529,6610,6689,6762,6798,6821,6839,6835,6825,6803,6800,6800,6777,6766,6768,6762,6774,6796,6828,6920,7034,7170,7365,7597,7852,8108,8364,8648,8945,9220,9465,9659,9810,9950,10021,10049,10056,10008,9957,9897,9805,9691,9607,9547,9523,9525,9516,9521,9555,9600,9655,9725,9806,9905,9987,10048,10130,10816,12575,14081,15820,17059,16510,16613,16884,17007,16680,15949,15909,15664,15119,14542,14053,13624,13179,12831,12627,12700,12403,11836,11660,11526,11392,11161,10838,10525,10336,11001,10832,9339,8261,7083,5585,4307,3276,2634,2016,1364,2709
Medium,2081,6202,6318,6432,6525,6607,6686,6759,6796,6819,6838,6834,6824,6801,6798,6797,6772,6761,6760,6753,6764,6784,6815,6907,7021,7157,7351,7584,7839,8096,8352,8637,8934,9209,9455,9649,9801,9941,10013,10041,10048,10001,9949,9889,9797,9683,9599,9538,9514,9516,9506,9511,9543,9588,9641,9711,9791,9889,9969,10029,10109,10791,12543,14041,15770,17000,16446,16543,16804,16918,16583,15843,15789,15531,14976,14387,13885,13441,12978,12607,12375,12409,12075,11475,11252,11065,10875,10588,10209,9835,9568,10074,9797,8323,7236,6085,4699,3537,2613,2033,1500,2865
Medium,2082,6086,6196,6314,6429,6522,6604,6684,6757,6794,6818,6836,6833,6822,6799,6795,6793,6767,6753,6751,6742,6752,6771,6802,6894,7007,7143,7338,7571,7827,8084,8340,8626,8924,9199,9446,9641,9792,9933,10005,10033,10040,9993,9941,9881,9789,9675,9591,9529,9505,9506,9496,9499,9531,9575,9627,9696,9775,9872,9951,10009,10086,10764,12508,13997,15716,16936,16377,16466,16719,16821,16475,15725,15657,15386,14819,14218,13701,13239,12755,12359,12095,12085,11712,11078,10807,10570,10323,9980,9547,9112,8771,9121,8742,7300,6225,5128,3866,2828,2022,1516,3084
Medium,2083,5947,6080,6191,6311,6426,6520,6602,6682,6756,6793,6816,6835,6831,6820,6796,6790,6787,6759,6744,6741,6731,6740,6758,6789,6880,6994,7130,7325,7559,7815,8073,8330,8616,8914,9190,9437,9632,9784,9925,9997,10026,10032,9985,9933,9873,9781,9667,9582,9520,9495,9496,9485,9488,9519,9561,9613,9680,9758,9854,9931,9986,10061,10735,12470,13950,15658,16866,16303,16384,16625,16713,16355,15596,15513,15227,14647,14032,13498,13015,12508,12084,11784,11726,11312,10647,10330,10041,9739,9341,8854,8362,7951,8149,7679,6292,5256,4228,3097,2193,1512,3261
Medium,2084,5803,5941,6076,6188,6308,6423,6517,6600,6680,6754,6791,6815,6833,6829,6817,6792,6785,6780,6750,6734,6729,6718,6727,6745,6775,6867,6981,7117,7313,7547,7804,8062,8319,8606,8905,9181,9428,9624,9776,9918,9989,10018,10025,9977,9925,9865,9772,9658,9573,9511,9485,9485,9473,9475,9506,9547,9598,9664,9740,9834,9909,9962,10034,10703,12429,13899,15595,16791,16223,16293,16520,16593,16223,15456,15356,15054,14459,13828,13274,12767,12233,11777,11439,11332,10878,10182,9819,9479,9122,8671,8133,7589,7113,7168,6630,5322,4342,3395,2408,1644,3389
Medium,2085,5675,5797,5937,6073,6185,6305,6421,6515,6599,6679,6753,6790,6813,6831,6826,6812,6786,6777,6771,6740,6722,6717,6705,6713,6731,6762,6854,6968,7105,7301,7536,7794,8052,8310,8597,8896,9173,9420,9616,9769,9910,9982,10010,10017,9969,9917,9856,9764,9649,9564,9501,9475,9474,9461,9462,9492,9532,9582,9647,9722,9813,9886,9936,10004,10668,12385,13845,15527,16710,16135,16193,16404,16462,16079,15301,15184,14864,14252,13601,13024,12490,11928,11437,11059,10902,10409,9685,9277,8886,8476,7973,7389,6797,6266,6197,5617,4404,3493,2644,1809,3582
Medium,2086,5551,5669,5793,5933,6070,6182,6303,6419,6514,6597,6677,6751,6788,6811,6828,6821,6807,6779,6768,6760,6728,6710,6704,6692,6700,6718,6749,6841,6956,7094,7290,7526,7784,8043,8301,8589,8888,9165,9413,9609,9761,9903,9974,10003,10009,9961,9909,9848,9755,9640,9554,9491,9464,9462,9448,9449,9478,9517,9565,9629,9701,9790,9860,9907,9973,10631,12337,13785,15453,16621,16037,16080,16276,16318,15922,15133,14995,14654,14022,13349,12746,12182,11588,11063,10645,10439,9908,9157,8704,8264,7801,7252,6627,5996,5426,5260,4658,3551,2727,1992,3850
Medium,2087,5421,5545,5665,5789,5930,6067,6180,6301,6417,6512,6596,6676,6750,6786,6808,6824,6816,6799,6770,6758,6749,6716,6697,6691,6679,6687,6705,6737,6829,6944,7083,7280,7516,7774,8034,8292,8581,8880,9158,9405,9601,9754,9895,9967,9995,10001,9953,9901,9839,9746,9631,9544,9480,9452,9450,9435,9435,9462,9501,9548,9609,9679,9766,9832,9877,9938,10590,12285,13721,15372,16522,15928,15957,16136,16161,15749,14948,14787,14421,13766,13068,12436,11840,11214,10654,10199,9942,9374,8598,8101,7613,7103,6512,5854,5201,4613,4370,3764,2779,2060,4186
Medium,2088,5300,5415,5541,5662,5786,5928,6065,6178,6299,6416,6511,6594,6674,6748,6783,6804,6818,6808,6791,6760,6747,6736,6703,6684,6677,6665,6674,6693,6725,6818,6933,7072,7270,7506,7765,8025,8285,8573,8873,9150,9398,9594,9746,9888,9959,9987,9993,9945,9892,9830,9736,9620,9533,9468,9440,9437,9421,9420,9447,9483,9528,9587,9655,9739,9802,9843,9901,10546,12228,13650,15282,16412,15808,15823,15983,15989,15560,14743,14555,14161,13480,12755,12092,11463,10805,10213,9719,9413,8809,8010,7471,6940,6386,5760,5085,4430,3840,3538,2953,2104,4488
Medium,2089,5198,5294,5411,5538,5659,5784,5926,6063,6177,6298,6415,6510,6593,6672,6745,6779,6798,6811,6799,6780,6748,6734,6723,6690,6670,6664,6653,6661,6681,6713,6807,6923,7062,7261,7498,7757,8017,8277,8566,8866,9143,9391,9587,9739,9880,9952,9979,9985,9937,9883,9821,9726,9610,9522,9456,9427,9423,9407,9405,9429,9464,9507,9564,9629,9709,9770,9807,9861,10499,12167,13572,15181,16290,15677,15675,15816,15799,15350,14516,14297,13872,13162,12406,11711,11051,10363,9739,9208,8852,8213,7394,6817,6247,5657,5012,4339,3695,3116,2781,2241,4746
Medium,2090,5105,5192,5290,5408,5535,5656,5782,5924,6062,6175,6296,6413,6508,6590,6669,6740,6773,6791,6802,6789,6769,6736,6721,6710,6676,6657,6651,6640,6649,6669,6702,6796,6913,7053,7252,7489,7749,8010,8270,8559,8859,9136,9384,9580,9732,9873,9944,9971,9977,9928,9874,9811,9716,9598,9510,9444,9414,9409,9391,9388,9411,9444,9485,9539,9601,9678,9735,9768,9817,10447,12098,13484,15071,16158,15534,15513,15631,15589,15117,14262,14009,13549,12807,12022,11296,10605,9889,9234,8667,8261,7590,6754,6144,5542,4930,4284,3626,3005,2456,2116,5042
Medium,2091,5020,5100,5188,5287,5405,5532,5654,5780,5922,6060,6174,6295,6412,6506,6588,6665,6735,6766,6782,6791,6778,6756,6723,6708,6697,6663,6644,6639,6628,6638,6658,6692,6787,6904,7045,7244,7482,7742,8003,8263,8552,8852,9129,9377,9573,9724,9865,9936,9963,9968,9919,9864,9800,9704,9587,9498,9431,9400,9394,9375,9370,9391,9422,9460,9511,9570,9644,9697,9726,9770,10388,12021,13388,14950,16012,15376,15335,15427,15356,14857,13979,13688,13189,12416,11601,10847,10126,9382,8698,8095,7641,6941,6095,5458,4837,4222,3588,2956,2374,1874,5169
Medium,2092,4961,5015,5096,5185,5284,5403,5530,5652,5778,5921,6059,6173,6293,6410,6503,6583,6659,6727,6757,6772,6780,6765,6743,6710,6695,6684,6650,6632,6627,6617,6627,6648,6682,6778,6896,7037,7236,7474,7735,7996,8256,8545,8845,9123,9370,9565,9717,9857,9928,9955,9959,9909,9853,9789,9693,9574,9485,9417,9385,9378,9358,9351,9370,9398,9433,9481,9537,9607,9655,9679,9716,10323,11936,13282,14818,15852,15203,15138,15200,15096,14567,13663,13329,12791,11987,11146,10363,9614,8845,8131,7495,6995,6272,5423,4772,4150,3542,2930,2341,1816,5083
Medium,2093,4912,4955,5011,5092,5182,5282,5400,5528,5651,5777,5919,6057,6171,6291,6407,6499,6578,6652,6719,6747,6760,6768,6752,6730,6696,6681,6671,6638,6620,6615,6606,6617,6639,6673,6769,6888,7029,7229,7468,7728,7990,8250,8539,8838,9116,9363,9558,9709,9849,9919,9946,9949,9899,9842,9778,9681,9562,9471,9403,9369,9361,9339,9330,9346,9372,9405,9449,9501,9567,9610,9627,9656,10252,11844,13167,14672,15677,15010,14919,14947,14806,14242,13310,12933,12356,11523,10656,9846,9070,8276,7536,6870,6328,5588,4749,4101,3489,2900,2326,1795,4977
Medium,2094,4866,4907,4951,5007,5090,5179,5280,5399,5527,5649,5776,5918,6056,6169,6288,6402,6493,6570,6643,6708,6735,6748,6755,6739,6717,6683,6669,6658,6626,6609,6605,6596,6607,6630,6665,6761,6880,7022,7222,7461,7722,7983,8243,8532,8832,9109,9356,9551,9702,9841,9911,9936,9939,9888,9831,9766,9668,9548,9457,9387,9352,9342,9318,9307,9321,9344,9373,9414,9462,9522,9559,9569,9591,10174,11742,13039,14512,15481,14796,14674,14663,14480,13880,12920,12499,11884,11023,10131,9296,8494,7677,6914,6222,5646,4901,4088,3455,2862,2307,1789,4889
Medium,2095,4836,4860,4903,4948,5005,5087,5177,5278,5397,5525,5648,5774,5916,6054,6166,6284,6397,6486,6562,6633,6697,6723,6735,6742,6726,6704,6670,6656,6647,6615,6598,6594,6586,6598,6621,6657,6754,6873,7015,7216,7455,7715,7977,8237,8526,8825,9102,9349,9543,9694,9832,9901,9926,9928,9876,9819,9753,9655,9534,9442,9370,9334,9322,9296,9282,9294,9313,9339,9376,9419,9473,9502,9505,9519,10088,11631,12899,14334,15264,14557,14399,14346,14117,13478,12492,12027,11375,10487,9572,8713,7887,7052,6271,5559,4960,4227,3451,2841,2283,1779,4830
Medium,2096,4814,4831,4856,4899,4945,5002,5085,5175,5276,5396,5524,5647,5773,5914,6051,6162,6279,6390,6477,6551,6622,6685,6710,6722,6728,6713,6691,6658,6644,6635,6604,6588,6585,6577,6590,6613,6650,6747,6867,7009,7210,7448,7709,7971,8231,8519,8818,9095,9341,9535,9685,9823,9891,9916,9917,9865,9807,9740,9641,9519,9425,9353,9314,9300,9271,9255,9264,9280,9302,9335,9371,9418,9440,9435,9440,9994,11508,12744,14136,15021,14289,14092,13991,13714,13038,12028,11519,10829,9916,8979,8098,7252,6403,5610,4891,4285,3575,2843,2271,1765,4791
Medium,2097,4796,4809,4827,4853,4896,4943,5000,5083,5174,5275,5394,5523,5645,5771,5912,6047,6156,6271,6381,6467,6540,6609,6672,6697,6708,6715,6700,6679,6646,6633,6625,6594,6578,6576,6569,6582,6606,6643,6740,6860,7003,7204,7442,7703,7965,8224,8513,8812,9088,9334,9527,9676,9814,9881,9905,9906,9853,9794,9726,9626,9503,9407,9333,9293,9276,9245,9226,9231,9244,9261,9288,9317,9357,9372,9358,9353,9890,11371,12570,13914,14749,13989,13748,13598,13273,12560,11526,10974,10247,9310,8354,7455,6593,5736,4944,4233,3630,2952,2279,1760,4764
Medium,2098,4782,4791,4805,4824,4850,4894,4941,4998,5082,5172,5274,5393,5521,5643,5768,5907,6041,6149,6263,6371,6456,6528,6596,6659,6684,6695,6702,6688,6667,6635,6622,6614,6585,6569,6568,6561,6575,6599,6636,6734,6854,6997,7198,7437,7697,7958,8218,8506,8805,9081,9326,9519,9667,9804,9870,9893,9894,9840,9780,9711,9610,9485,9388,9312,9270,9250,9217,9194,9196,9204,9216,9236,9258,9291,9297,9274,9258,9774,11219,12376,13665,14443,13653,13368,13166,12793,12044,10988,10392,9629,8670,7698,6785,5915,5063,4286,3594,3004,2371,1770,4753
Medium,2099,4776,4777,4787,4801,4821,4848,4892,4939,4997,5080,5171,5272,5392,5519,5640,5764,5902,6034,6140,6253,6359,6443,6515,6583,6646,6671,6683,6690,6676,6656,6624,6612,6605,6576,6561,6560,6554,6568,6593,6630,6728,6848,6991,7192,7431,7691,7952,8212,8500,8798,9073,9317,9510,9657,9793,9859,9882,9881,9826,9765,9695,9592,9466,9367,9289,9244,9223,9186,9160,9157,9160,9165,9178,9194,9218,9214,9181,9151,9646,11048,12159,13386,14101,13280,12949,12697,12274,11490,10414,9774,8975,7998,7015,6095,5229,4397,3646,2980,2419,1847,4768
Medium,2100,4752,4770,4773,4784,4798,4818,4846,4890,4937,4995,5079,5170,5271,5390,5516,5636,5758,5895,6025,6130,6241,6347,6430,6502,6570,6632,6658,6670,6678,6665,6645,6614,6603,6596,6567,6553,6553,6547,6561,6586,6624,6722,6842,6985,7186,7425,7686,7946,8205,8493,8790,9065,9309,9500,9647,9783,9848,9869,9868,9812,9750,9678,9573,9446,9345,9264,9217,9192,9152,9122,9114,9110,9109,9115,9123,9137,9123,9077,9033,9501,10857,11914,13074,13722,12871,12495,12190,11717,10898,9802,9119,8289,7298,6311,5397,4549,3748,3030,2406,1890,4852